stature,weightkg,chestcircumference,waistcircumference,pants_size,pants_color,tshirt_color,tshirt_size,crotchheight,buttockcircumference,Gender
1560,657,922,850,-,-,-,-,759,1011,Female
1665,534,839,708,-,-,-,-,835,893,Female
1711,663,874,727,-,-,-,-,821,987,Female
1660,782,1008,923,-,-,-,-,804,1012,Female
1572,886,1089,1163,-,-,-,-,726,1281,Female
1707,837,1031,968,-,-,-,-,864,1085,Female
1644,732,988,964,-,-,-,-,778,1049,Female
1671,760,968,914,-,-,-,-,803,1095,Female
1521,545,831,755,-,-,-,-,753,965,Female
1590,684,1010,944,-,-,-,-,750,1045,Female
1707,990,1065,935,-,-,-,-,810,1248,Female
1668,742,1034,942,-,-,-,-,822,1014,Female
1654,781,1063,995,-,-,-,-,781,1049,Female
1666,718,937,848,-,-,-,-,801,1012,Female
1599,709,989,929,-,-,-,-,772,1000,Female
1673,672,940,835,-,-,-,-,786,1007,Female
1647,620,835,772,-,-,-,-,765,969,Female
1678,595,897,805,-,-,-,-,833,941,Female
1679,741,979,868,-,-,-,-,835,1011,Female
1615,605,853,792,-,-,-,-,733,1021,Female
1517,800,1090,1137,-,-,-,-,664,1107,Female
1674,747,941,881,-,-,-,-,839,1050,Female
1623,491,857,702,-,-,-,-,770,867,Female
1668,703,973,954,-,-,-,-,800,1038,Female
1644,715,975,796,-,-,-,-,831,981,Female
1579,708,1026,1000,-,-,-,-,774,1069,Female
1446,488,832,742,-,-,-,-,610,917,Female
1620,691,921,912,-,-,-,-,774,997,Female
1684,730,1032,913,-,-,-,-,822,1042,Female
1619,610,904,821,-,-,-,-,802,960,Female
1592,658,951,930,-,-,-,-,755,1056,Female
1655,709,950,901,-,-,-,-,789,1035,Female
1723,728,965,935,-,-,-,-,839,1034,Female
1677,846,1115,1077,-,-,-,-,809,1154,Female
1654,945,1170,1112,-,-,-,-,764,1184,Female
1634,627,895,812,-,-,-,-,801,991,Female
1683,578,944,869,-,-,-,-,882,933,Female
1552,524,833,712,-,-,-,-,762,900,Female
1617,732,1025,1057,-,-,-,-,792,1052,Female
1588,791,982,964,-,-,-,-,731,1086,Female
1641,894,1060,1134,-,-,-,-,744,1175,Female
1685,689,991,869,-,-,-,-,812,979,Female
1656,758,994,942,-,-,-,-,775,1021,Female
1603,731,1071,1019,-,-,-,-,746,1041,Female
1608,748,945,865,-,-,-,-,743,1136,Female
1664,806,1094,975,-,-,-,-,795,1046,Female
1619,714,932,814,-,-,-,-,807,1030,Female
1620,712,1013,947,-,-,-,-,808,1053,Female
1720,657,910,794,-,-,-,-,869,1009,Female
1582,477,793,679,-,-,-,-,774,880,Female
1720,696,954,890,-,-,-,-,823,1050,Female
1720,1196,1161,1334,-,-,-,-,804,1306,Female
1701,887,1135,1076,-,-,-,-,837,1160,Female
1627,754,1095,1007,-,-,-,-,737,1075,Female
1536,678,1014,897,-,-,-,-,694,1044,Female
1546,607,946,832,-,-,-,-,723,1006,Female
1654,572,814,766,-,-,-,-,803,981,Female
1605,689,940,878,-,-,-,-,774,1028,Female
1630,712,988,943,-,-,-,-,794,1055,Female
1612,604,904,825,-,-,-,-,766,979,Female
1757,697,876,812,-,-,-,-,934,985,Female
1670,854,1090,1062,-,-,-,-,825,1167,Female
1632,617,943,914,-,-,-,-,770,1051,Female
1635,790,1132,987,-,-,-,-,767,1066,Female
1682,672,977,868,-,-,-,-,774,1007,Female
1661,695,977,839,-,-,-,-,777,1050,Female
1596,669,1006,814,-,-,-,-,754,974,Female
1596,574,936,804,-,-,-,-,758,989,Female
1665,815,1065,925,-,-,-,-,775,1088,Female
1617,618,890,805,-,-,-,-,776,993,Female
1555,645,900,811,-,-,-,-,771,1042,Female
1578,557,862,757,-,-,-,-,729,969,Female
1581,614,896,839,-,-,-,-,718,967,Female
1698,668,943,821,-,-,-,-,762,1051,Female
1554,730,1092,1001,-,-,-,-,705,1028,Female
1756,737,920,860,-,-,-,-,835,1045,Female
1566,693,1071,922,-,-,-,-,714,1016,Female
1651,757,1001,1012,-,-,-,-,816,1057,Female
1585,740,1126,981,-,-,-,-,723,1049,Female
1657,682,982,870,-,-,-,-,808,1030,Female
1719,867,1069,931,-,-,-,-,808,1200,Female
1822,882,1061,895,-,-,-,-,888,1165,Female
1649,786,1031,925,-,-,-,-,785,1141,Female
1687,622,924,751,-,-,-,-,773,985,Female
1698,782,999,1019,-,-,-,-,828,1115,Female
1530,608,865,784,-,-,-,-,733,1060,Female
1581,674,998,917,-,-,-,-,712,1023,Female
1609,686,930,865,-,-,-,-,773,1032,Female
1644,670,934,847,-,-,-,-,798,1015,Female
1548,635,856,785,-,-,-,-,760,1011,Female
1606,773,979,1004,-,-,-,-,732,1084,Female
1642,555,852,759,-,-,-,-,763,945,Female
1622,727,1014,955,-,-,-,-,714,1104,Female
1669,593,841,694,-,-,-,-,794,947,Female
1745,998,1057,1068,-,-,-,-,845,1205,Female
1495,581,986,948,-,-,-,-,683,999,Female
1493,642,951,912,-,-,-,-,691,1045,Female
1641,758,1068,989,-,-,-,-,790,1027,Female
1607,683,945,887,-,-,-,-,721,1051,Female
1560,471,826,698,-,-,-,-,729,871,Female
1625,665,978,822,-,-,-,-,764,975,Female
1670,685,978,885,-,-,-,-,766,1027,Female
1616,579,870,764,-,-,-,-,750,947,Female
1582,647,1080,943,-,-,-,-,725,966,Female
1730,591,921,809,-,-,-,-,847,951,Female
1501,450,846,739,-,-,-,-,709,874,Female
1515,572,959,826,-,-,-,-,674,960,Female
1576,721,1022,962,-,-,-,-,738,1030,Female
1628,676,878,849,-,-,-,-,790,1029,Female
1586,711,1029,951,-,-,-,-,716,1048,Female
1737,791,936,889,-,-,-,-,829,1083,Female
1576,536,834,790,-,-,-,-,734,974,Female
1626,639,931,811,-,-,-,-,790,966,Female
1604,628,981,831,-,-,-,-,782,991,Female
1673,788,1037,958,-,-,-,-,784,1069,Female
1642,598,981,761,-,-,-,-,774,955,Female
1538,752,1052,1070,-,-,-,-,724,1079,Female
1574,686,1028,923,-,-,-,-,733,1005,Female
1637,668,946,949,-,-,-,-,778,1055,Female
1620,613,930,858,-,-,-,-,753,976,Female
1733,742,937,859,-,-,-,-,824,1041,Female
1526,522,810,721,-,-,-,-,714,876,Female
1732,767,991,908,-,-,-,-,820,1069,Female
1624,661,985,880,-,-,-,-,755,1030,Female
1507,505,844,759,-,-,-,-,694,902,Female
1560,637,965,919,-,-,-,-,732,1033,Female
1640,666,985,908,-,-,-,-,806,980,Female
1675,610,862,731,-,-,-,-,806,965,Female
1526,581,863,820,-,-,-,-,696,975,Female
1623,609,870,821,-,-,-,-,770,932,Female
1584,575,815,740,-,-,-,-,738,1054,Female
1671,797,1057,1024,-,-,-,-,768,1100,Female
1552,745,1137,932,-,-,-,-,699,1090,Female
1633,614,874,827,-,-,-,-,738,981,Female
1530,677,1004,896,-,-,-,-,715,1061,Female
1606,508,844,738,-,-,-,-,754,968,Female
1617,633,950,832,-,-,-,-,763,1033,Female
1645,711,1013,851,-,-,-,-,748,1042,Female
1681,727,960,859,-,-,-,-,808,1049,Female
1655,679,992,906,-,-,-,-,782,1050,Female
1626,833,1069,1028,-,-,-,-,763,1136,Female
1635,622,838,786,-,-,-,-,800,990,Female
1572,616,962,853,-,-,-,-,737,966,Female
1608,573,899,745,-,-,-,-,742,950,Female
1662,507,828,737,-,-,-,-,795,925,Female
1582,611,940,802,-,-,-,-,745,998,Female
1701,866,1156,1045,-,-,-,-,852,1114,Female
1602,523,886,763,-,-,-,-,742,925,Female
1549,676,991,955,-,-,-,-,705,1090,Female
1561,549,899,719,-,-,-,-,755,920,Female
1677,571,889,746,-,-,-,-,825,935,Female
1594,644,907,874,-,-,-,-,754,1035,Female
1628,649,940,772,-,-,-,-,756,1018,Female
1549,592,949,802,-,-,-,-,725,972,Female
1559,563,866,719,-,-,-,-,707,974,Female
1619,580,907,862,-,-,-,-,734,955,Female
1690,810,983,1044,-,-,-,-,800,1088,Female
1698,649,895,817,-,-,-,-,805,1001,Female
1705,654,892,817,-,-,-,-,798,997,Female
1625,570,875,816,-,-,-,-,795,955,Female
1666,805,1012,939,-,-,-,-,771,1139,Female
1559,671,1026,863,-,-,-,-,732,1035,Female
1595,673,977,915,-,-,-,-,745,1064,Female
1634,550,812,764,-,-,-,-,799,932,Female
1643,708,913,899,-,-,-,-,814,1068,Female
1667,538,943,782,-,-,-,-,782,933,Female
1661,771,1032,897,-,-,-,-,783,1051,Female
1560,602,878,817,-,-,-,-,776,1008,Female
1610,719,971,900,-,-,-,-,746,1062,Female
1610,617,906,830,-,-,-,-,766,1009,Female
1682,761,1024,947,-,-,-,-,781,1062,Female
1604,739,1028,958,-,-,-,-,754,1050,Female
1540,560,881,767,-,-,-,-,721,981,Female
1638,647,919,777,-,-,-,-,795,948,Female
1656,724,918,896,-,-,-,-,740,1081,Female
1597,708,1118,968,-,-,-,-,771,992,Female
1749,953,1130,997,-,-,-,-,880,1101,Female
1661,748,1002,879,-,-,-,-,775,1058,Female
1526,700,1039,1000,-,-,-,-,749,1030,Female
1583,655,934,931,-,-,-,-,733,1078,Female
1533,499,844,748,-,-,-,-,722,916,Female
1575,553,821,734,-,-,-,-,773,940,Female
1776,924,1072,1021,-,-,-,-,825,1171,Female
1713,716,1084,874,-,-,-,-,806,1016,Female
1653,676,918,803,-,-,-,-,748,992,Female
1516,641,1032,935,-,-,-,-,709,1017,Female
1658,666,971,810,-,-,-,-,820,983,Female
1617,663,1022,882,-,-,-,-,749,1021,Female
1687,763,987,920,-,-,-,-,829,1084,Female
1603,717,1036,1085,-,-,-,-,779,1099,Female
1539,643,990,923,-,-,-,-,692,1003,Female
1603,591,965,840,-,-,-,-,756,973,Female
1620,529,817,783,-,-,-,-,758,920,Female
1617,694,993,924,-,-,-,-,765,1076,Female
1600,699,1031,972,-,-,-,-,738,1040,Female
1572,592,877,774,-,-,-,-,769,981,Female
1632,540,818,708,-,-,-,-,774,926,Female
1690,701,945,879,-,-,-,-,780,1092,Female
1682,681,916,830,-,-,-,-,776,1010,Female
1657,864,1050,980,-,-,-,-,780,1150,Female
1672,672,881,883,-,-,-,-,808,1010,Female
1621,559,912,754,-,-,-,-,745,933,Female
1623,566,854,767,-,-,-,-,736,956,Female
1633,585,887,868,-,-,-,-,767,958,Female
1526,628,1005,938,-,-,-,-,727,979,Female
1570,467,825,682,-,-,-,-,753,836,Female
1616,599,874,762,-,-,-,-,776,978,Female
1690,642,972,802,-,-,-,-,805,1020,Female
1637,813,1026,1060,-,-,-,-,748,1144,Female
1718,719,979,922,-,-,-,-,833,1060,Female
1588,548,873,783,-,-,-,-,732,974,Female
1520,485,844,707,-,-,-,-,700,877,Female
1618,658,921,795,-,-,-,-,785,1061,Female
1631,753,1000,862,-,-,-,-,760,1059,Female
1642,636,938,929,-,-,-,-,807,974,Female
1719,752,952,858,-,-,-,-,859,1056,Female
1715,755,931,784,-,-,-,-,853,1067,Female
1653,469,814,632,-,-,-,-,840,832,Female
1590,537,913,809,-,-,-,-,751,951,Female
1751,758,950,912,-,-,-,-,850,1071,Female
1583,679,950,941,-,-,-,-,780,1079,Female
1627,684,915,854,-,-,-,-,785,1055,Female
1586,677,923,885,-,-,-,-,768,1004,Female
1675,617,909,783,-,-,-,-,763,957,Female
1606,717,986,927,-,-,-,-,716,1045,Female
1680,642,870,785,-,-,-,-,831,991,Female
1773,740,942,858,-,-,-,-,871,1031,Female
1680,792,1105,958,-,-,-,-,836,1015,Female
1645,581,838,707,-,-,-,-,787,946,Female
1558,727,1086,1004,-,-,-,-,704,1037,Female
1665,704,985,905,-,-,-,-,785,1055,Female
1601,653,960,989,-,-,-,-,789,1002,Female
1658,725,964,906,-,-,-,-,775,1066,Female
1623,721,1015,854,-,-,-,-,744,1065,Female
1661,561,862,738,-,-,-,-,778,932,Female
1563,583,861,784,-,-,-,-,737,919,Female
1630,677,927,871,-,-,-,-,761,989,Female
1528,576,906,811,-,-,-,-,694,965,Female
1653,559,847,728,-,-,-,-,772,923,Female
1512,468,841,763,-,-,-,-,741,867,Female
1629,567,855,793,-,-,-,-,762,950,Female
1675,820,1072,1001,-,-,-,-,795,1093,Female
1498,664,988,922,-,-,-,-,642,1054,Female
1538,626,984,829,-,-,-,-,731,1019,Female
1567,653,938,850,-,-,-,-,716,1057,Female
1590,539,866,731,-,-,-,-,748,917,Female
1573,750,1063,996,-,-,-,-,734,1042,Female
1595,704,949,871,-,-,-,-,750,1091,Female
1610,675,982,1036,-,-,-,-,766,1008,Female
1565,640,935,835,-,-,-,-,747,1021,Female
1523,470,845,665,-,-,-,-,692,884,Female
1570,502,836,671,-,-,-,-,755,920,Female
1556,597,949,769,-,-,-,-,732,977,Female
1599,646,954,850,-,-,-,-,734,964,Female
1611,726,940,936,-,-,-,-,785,1051,Female
1681,631,915,758,-,-,-,-,754,965,Female
1585,631,925,888,-,-,-,-,769,1014,Female
1614,660,1032,941,-,-,-,-,776,1022,Female
1674,789,988,812,-,-,-,-,828,1159,Female
1653,531,838,704,-,-,-,-,843,910,Female
1593,708,992,1027,-,-,-,-,746,1057,Female
1592,625,969,885,-,-,-,-,782,969,Female
1617,680,957,872,-,-,-,-,747,1021,Female
1589,734,1093,1041,-,-,-,-,758,1126,Female
1597,688,997,859,-,-,-,-,770,1023,Female
1698,840,1090,1022,-,-,-,-,772,1115,Female
1619,647,923,790,-,-,-,-,734,1013,Female
1663,561,844,711,-,-,-,-,783,914,Female
1606,735,1011,941,-,-,-,-,757,1077,Female
1609,733,997,1076,-,-,-,-,757,1108,Female
1696,605,943,797,-,-,-,-,815,983,Female
1723,722,934,904,-,-,-,-,815,1063,Female
1748,908,1031,979,-,-,-,-,830,1135,Female
1695,760,985,888,-,-,-,-,796,1114,Female
1648,606,935,769,-,-,-,-,757,969,Female
1579,573,872,807,-,-,-,-,714,985,Female
1587,602,996,839,-,-,-,-,761,978,Female
1604,669,994,975,-,-,-,-,757,1063,Female
1603,829,1131,1127,-,-,-,-,774,1131,Female
1712,765,966,930,-,-,-,-,810,1115,Female
1628,671,908,907,-,-,-,-,772,1006,Female
1520,589,985,919,-,-,-,-,688,1004,Female
1640,615,896,839,-,-,-,-,795,1007,Female
1616,529,864,697,-,-,-,-,774,934,Female
1684,847,1095,1088,-,-,-,-,825,1158,Female
1649,596,890,805,-,-,-,-,785,971,Female
1677,666,965,844,-,-,-,-,806,1018,Female
1653,676,958,915,-,-,-,-,783,1011,Female
1638,658,926,862,-,-,-,-,790,1046,Female
1646,596,878,835,-,-,-,-,773,1035,Female
1619,735,951,1000,-,-,-,-,756,1079,Female
1530,556,858,789,-,-,-,-,734,997,Female
1603,561,870,777,-,-,-,-,783,975,Female
1680,560,875,796,-,-,-,-,850,925,Female
1602,871,1139,1017,-,-,-,-,734,1142,Female
1447,736,1064,1074,-,-,-,-,639,1152,Female
1627,613,923,688,-,-,-,-,793,921,Female
1594,505,861,713,-,-,-,-,759,921,Female
1688,823,1057,1035,-,-,-,-,787,1092,Female
1547,561,896,827,-,-,-,-,709,942,Female
1621,754,991,950,-,-,-,-,751,1082,Female
1625,593,904,805,-,-,-,-,768,1006,Female
1597,695,981,896,-,-,-,-,776,1020,Female
1602,820,1046,905,-,-,-,-,768,1118,Female
1614,583,952,833,-,-,-,-,803,943,Female
1743,920,1067,1055,-,-,-,-,783,1206,Female
1603,841,1105,1071,-,-,-,-,721,1146,Female
1576,842,1196,1111,-,-,-,-,706,1176,Female
1619,660,999,871,-,-,-,-,758,1022,Female
1754,896,1052,969,-,-,-,-,835,1151,Female
1709,842,1014,942,-,-,-,-,833,1079,Female
1789,845,1048,964,-,-,-,-,904,1117,Female
1587,596,896,887,-,-,-,-,726,1005,Female
1687,688,943,838,-,-,-,-,795,1037,Female
1665,690,899,826,-,-,-,-,804,1081,Female
1573,748,996,950,-,-,-,-,755,1087,Female
1654,699,911,819,-,-,-,-,745,1038,Female
1582,691,1005,920,-,-,-,-,724,999,Female
1575,566,873,744,-,-,-,-,724,977,Female
1600,699,976,880,-,-,-,-,756,1026,Female
1584,468,834,740,-,-,-,-,750,868,Female
1535,701,986,829,-,-,-,-,684,1121,Female
1593,832,1062,1029,-,-,-,-,725,1100,Female
1583,789,1004,973,-,-,-,-,723,1104,Female
1608,592,896,845,-,-,-,-,722,955,Female
1663,583,861,828,-,-,-,-,798,961,Female
1609,746,951,1020,-,-,-,-,739,1113,Female
1513,428,772,675,-,-,-,-,740,871,Female
1704,853,1034,1007,-,-,-,-,813,1140,Female
1708,664,899,858,-,-,-,-,812,997,Female
1506,577,955,804,-,-,-,-,710,973,Female
1583,565,867,811,-,-,-,-,733,944,Female
1731,714,971,864,-,-,-,-,799,1030,Female
1669,762,966,871,-,-,-,-,852,1036,Female
1640,556,800,824,-,-,-,-,787,933,Female
1613,561,812,724,-,-,-,-,767,909,Female
1640,641,946,849,-,-,-,-,787,988,Female
1581,766,1008,918,-,-,-,-,730,1050,Female
1664,702,971,829,-,-,-,-,835,987,Female
1562,561,918,799,-,-,-,-,713,966,Female
1722,812,987,1017,-,-,-,-,846,1101,Female
1564,725,969,900,-,-,-,-,698,1073,Female
1589,686,979,917,-,-,-,-,759,1039,Female
1789,924,1017,970,-,-,-,-,850,1165,Female
1608,662,1058,884,-,-,-,-,748,944,Female
1595,562,887,796,-,-,-,-,764,973,Female
1590,564,859,785,-,-,-,-,761,938,Female
1575,653,980,870,-,-,-,-,685,985,Female
1539,679,1037,905,-,-,-,-,737,1083,Female
1654,777,984,958,-,-,-,-,781,1100,Female
1616,632,959,855,-,-,-,-,766,1021,Female
1646,697,988,869,-,-,-,-,822,1010,Female
1548,681,900,875,-,-,-,-,758,1064,Female
1617,570,827,722,-,-,-,-,753,985,Female
1527,742,1089,1034,-,-,-,-,694,1089,Female
1653,589,895,757,-,-,-,-,795,908,Female
1606,750,1024,995,-,-,-,-,767,1035,Female
1700,744,948,812,-,-,-,-,845,1029,Female
1672,815,1131,954,-,-,-,-,795,1119,Female
1728,765,988,928,-,-,-,-,847,1039,Female
1677,827,1098,1049,-,-,-,-,832,1082,Female
1790,793,1033,958,-,-,-,-,855,1064,Female
1643,735,960,912,-,-,-,-,756,1084,Female
1584,620,955,822,-,-,-,-,768,989,Female
1583,659,1023,935,-,-,-,-,752,1004,Female
1640,705,1000,957,-,-,-,-,785,1037,Female
1562,493,866,707,-,-,-,-,746,911,Female
1650,643,881,771,-,-,-,-,805,1001,Female
1656,654,950,806,-,-,-,-,770,1009,Female
1624,655,1020,1002,-,-,-,-,752,998,Female
1631,856,1159,1044,-,-,-,-,721,1138,Female
1715,632,866,815,-,-,-,-,850,975,Female
1607,648,908,752,-,-,-,-,759,1048,Female
1600,604,883,831,-,-,-,-,744,941,Female
1571,702,993,880,-,-,-,-,716,1099,Female
1603,659,920,817,-,-,-,-,757,1062,Female
1599,771,1122,938,-,-,-,-,753,1075,Female
1602,524,829,797,-,-,-,-,759,964,Female
1642,685,925,773,-,-,-,-,825,1036,Female
1715,1017,1096,1103,-,-,-,-,795,1237,Female
1634,487,862,679,-,-,-,-,751,883,Female
1657,824,1059,1055,-,-,-,-,784,1184,Female
1626,724,1086,856,-,-,-,-,756,1000,Female
1536,617,968,868,-,-,-,-,739,967,Female
1698,696,908,818,-,-,-,-,797,1068,Female
1652,753,956,846,-,-,-,-,759,1047,Female
1611,785,1043,1032,-,-,-,-,750,1148,Female
1764,812,1003,911,-,-,-,-,849,1128,Female
1586,485,825,650,-,-,-,-,737,912,Female
1592,595,899,804,-,-,-,-,757,991,Female
1782,740,958,880,-,-,-,-,877,1034,Female
1708,799,1028,970,-,-,-,-,838,1063,Female
1650,645,957,841,-,-,-,-,780,986,Female
1612,725,1007,949,-,-,-,-,770,1101,Female
1660,600,842,766,-,-,-,-,787,960,Female
1629,630,884,811,-,-,-,-,759,994,Female
1630,762,992,978,-,-,-,-,735,1047,Female
1743,696,913,738,-,-,-,-,826,1024,Female
1688,818,1152,1001,-,-,-,-,787,1067,Female
1580,508,836,705,-,-,-,-,755,888,Female
1610,665,957,901,-,-,-,-,763,985,Female
1556,400,757,620,-,-,-,-,728,832,Female
1585,736,985,1000,-,-,-,-,753,1081,Female
1685,770,1036,952,-,-,-,-,790,1034,Female
1592,630,943,823,-,-,-,-,715,999,Female
1698,761,960,919,-,-,-,-,797,1076,Female
1648,690,875,886,-,-,-,-,782,1051,Female
1575,573,879,791,-,-,-,-,738,950,Female
1602,617,935,794,-,-,-,-,767,983,Female
1669,663,886,822,-,-,-,-,813,1025,Female
1637,850,1018,996,-,-,-,-,726,1128,Female
1690,601,929,798,-,-,-,-,833,962,Female
1664,655,935,795,-,-,-,-,778,1039,Female
1710,716,932,940,-,-,-,-,830,1050,Female
1596,611,906,716,-,-,-,-,785,973,Female
1656,1000,1150,1164,-,-,-,-,784,1250,Female
1586,791,991,870,-,-,-,-,749,1147,Female
1653,676,1000,886,-,-,-,-,774,1041,Female
1661,740,1045,831,-,-,-,-,728,1046,Female
1495,501,862,749,-,-,-,-,713,904,Female
1633,587,900,811,-,-,-,-,776,970,Female
1652,696,976,850,-,-,-,-,780,1070,Female
1596,599,899,779,-,-,-,-,762,1030,Female
1715,809,1003,1009,-,-,-,-,818,1076,Female
1724,788,995,939,-,-,-,-,828,1080,Female
1741,797,955,907,-,-,-,-,855,1137,Female
1707,746,910,851,-,-,-,-,795,1105,Female
1684,740,945,917,-,-,-,-,768,1100,Female
1586,569,892,780,-,-,-,-,757,936,Female
1611,829,1066,1046,-,-,-,-,738,1114,Female
1658,770,1040,939,-,-,-,-,783,1038,Female
1673,751,980,909,-,-,-,-,787,1108,Female
1770,889,1100,1076,-,-,-,-,840,1171,Female
1574,661,872,799,-,-,-,-,723,1040,Female
1715,842,1059,1009,-,-,-,-,821,1151,Female
1525,558,852,865,-,-,-,-,687,986,Female
1650,983,1142,1154,-,-,-,-,776,1195,Female
1537,535,870,814,-,-,-,-,719,955,Female
1568,581,880,801,-,-,-,-,757,973,Female
1569,684,892,830,-,-,-,-,720,1004,Female
1711,725,957,807,-,-,-,-,806,1036,Female
1639,757,1070,1073,-,-,-,-,760,1060,Female
1638,733,962,946,-,-,-,-,773,1075,Female
1756,704,930,845,-,-,-,-,818,1053,Female
1618,590,895,748,-,-,-,-,787,966,Female
1745,835,1050,1003,-,-,-,-,843,1114,Female
1569,635,925,814,-,-,-,-,691,1043,Female
1668,546,895,782,-,-,-,-,818,925,Female
1619,610,895,780,-,-,-,-,746,990,Female
1657,820,1101,1016,-,-,-,-,766,1103,Female
1628,685,910,847,-,-,-,-,766,1017,Female
1660,574,903,803,-,-,-,-,832,945,Female
1683,616,878,733,-,-,-,-,782,953,Female
1672,678,846,866,-,-,-,-,823,1017,Female
1623,558,836,745,-,-,-,-,775,937,Female
1672,588,870,705,-,-,-,-,795,917,Female
1619,591,869,784,-,-,-,-,775,984,Female
1558,511,794,712,-,-,-,-,707,948,Female
1649,591,845,742,-,-,-,-,773,951,Female
1730,671,880,805,-,-,-,-,836,1022,Female
1527,522,843,730,-,-,-,-,693,917,Female
1670,565,838,761,-,-,-,-,792,940,Female
1583,774,1077,1000,-,-,-,-,734,1084,Female
1643,730,963,885,-,-,-,-,776,1038,Female
1717,669,1012,800,-,-,-,-,837,1020,Female
1623,718,1000,945,-,-,-,-,798,1098,Female
1630,594,860,810,-,-,-,-,747,964,Female
1710,680,925,808,-,-,-,-,802,995,Female
1730,779,1002,961,-,-,-,-,815,1102,Female
1725,695,960,772,-,-,-,-,814,1044,Female
1680,755,957,928,-,-,-,-,813,1075,Female
1682,645,922,889,-,-,-,-,826,1011,Female
1680,843,1157,1050,-,-,-,-,786,1045,Female
1829,688,915,777,-,-,-,-,917,997,Female
1675,643,885,866,-,-,-,-,815,1012,Female
1727,689,1040,842,-,-,-,-,825,1006,Female
1615,651,1003,842,-,-,-,-,765,956,Female
1497,460,837,690,-,-,-,-,692,850,Female
1613,610,871,750,-,-,-,-,738,1037,Female
1771,925,1115,950,-,-,-,-,837,1137,Female
1588,666,924,829,-,-,-,-,735,1010,Female
1736,821,997,995,-,-,-,-,877,1075,Female
1664,591,870,767,-,-,-,-,795,1014,Female
1584,722,1025,898,-,-,-,-,745,1086,Female
1712,770,1006,940,-,-,-,-,870,1097,Female
1658,617,876,787,-,-,-,-,790,978,Female
1646,685,933,812,-,-,-,-,825,1056,Female
1723,689,966,820,-,-,-,-,817,1026,Female
1578,587,900,813,-,-,-,-,757,1002,Female
1671,742,1040,845,-,-,-,-,824,1059,Female
1580,820,1045,1011,-,-,-,-,772,1136,Female
1584,557,925,758,-,-,-,-,748,967,Female
1670,648,975,814,-,-,-,-,790,928,Female
1585,566,910,770,-,-,-,-,777,946,Female
1638,584,952,809,-,-,-,-,774,944,Female
1589,599,907,817,-,-,-,-,767,1013,Female
1659,785,1089,938,-,-,-,-,778,1060,Female
1550,654,943,845,-,-,-,-,757,1015,Female
1730,838,1047,995,-,-,-,-,856,1068,Female
1500,644,1027,907,-,-,-,-,693,1074,Female
1615,809,1038,983,-,-,-,-,800,1062,Female
1645,677,906,801,-,-,-,-,766,1042,Female
1727,847,1095,1029,-,-,-,-,868,1096,Female
1667,781,1032,1052,-,-,-,-,837,1096,Female
1519,552,981,848,-,-,-,-,695,901,Female
1700,832,1113,955,-,-,-,-,815,1054,Female
1628,694,860,807,-,-,-,-,783,1069,Female
1600,786,1068,855,-,-,-,-,739,1102,Female
1747,851,1025,969,-,-,-,-,860,1082,Female
1583,678,925,900,-,-,-,-,742,1061,Female
1662,645,927,800,-,-,-,-,787,990,Female
1697,618,873,720,-,-,-,-,842,952,Female
1732,843,948,942,-,-,-,-,830,1051,Female
1647,793,982,1015,-,-,-,-,787,1106,Female
1589,727,1029,1019,-,-,-,-,790,1035,Female
1545,645,965,829,-,-,-,-,742,1029,Female
1659,755,1028,937,-,-,-,-,836,1053,Female
1522,555,891,885,-,-,-,-,705,950,Female
1651,779,997,816,-,-,-,-,813,1085,Female
1767,763,1016,922,-,-,-,-,862,1059,Female
1608,785,1008,965,-,-,-,-,768,1116,Female
1605,717,997,931,-,-,-,-,789,1086,Female
1734,674,902,895,-,-,-,-,828,1003,Female
1661,730,972,829,-,-,-,-,755,1105,Female
1589,754,960,980,-,-,-,-,768,1137,Female
1741,776,912,800,-,-,-,-,827,1076,Female
1670,810,1079,1012,-,-,-,-,799,1085,Female
1680,667,865,801,-,-,-,-,810,1030,Female
1736,791,957,915,-,-,-,-,790,1130,Female
1682,763,990,937,-,-,-,-,845,1058,Female
1714,650,936,811,-,-,-,-,798,997,Female
1546,513,856,691,-,-,-,-,695,888,Female
1634,591,917,813,-,-,-,-,802,953,Female
1568,658,930,890,-,-,-,-,742,1032,Female
1536,504,876,782,-,-,-,-,735,915,Female
1584,685,962,927,-,-,-,-,767,1028,Female
1646,629,882,874,-,-,-,-,810,981,Female
1664,568,891,765,-,-,-,-,775,935,Female
1658,661,902,800,-,-,-,-,795,965,Female
1738,683,910,734,-,-,-,-,840,1003,Female
1745,791,923,775,-,-,-,-,867,1065,Female
1595,907,1072,1061,-,-,-,-,762,1220,Female
1625,783,987,926,-,-,-,-,781,1097,Female
1623,709,967,865,-,-,-,-,760,1057,Female
1518,509,841,752,-,-,-,-,695,915,Female
1525,623,1008,877,-,-,-,-,706,990,Female
1557,664,919,900,-,-,-,-,750,1053,Female
1730,921,1093,1054,-,-,-,-,863,1113,Female
1601,671,983,903,-,-,-,-,742,1035,Female
1597,547,839,728,-,-,-,-,788,938,Female
1743,784,1027,947,-,-,-,-,812,1034,Female
1683,590,925,754,-,-,-,-,793,960,Female
1752,763,1015,921,-,-,-,-,865,1005,Female
1618,709,967,851,-,-,-,-,743,1075,Female
1620,703,1018,851,-,-,-,-,769,1040,Female
1649,581,862,790,-,-,-,-,799,949,Female
1709,593,846,764,-,-,-,-,835,922,Female
1587,753,1044,992,-,-,-,-,722,1059,Female
1632,662,917,816,-,-,-,-,770,955,Female
1527,683,1057,965,-,-,-,-,698,1027,Female
1660,758,1034,975,-,-,-,-,773,1021,Female
1632,613,864,734,-,-,-,-,795,980,Female
1742,730,942,820,-,-,-,-,828,1034,Female
1709,700,885,848,-,-,-,-,810,1031,Female
1619,751,1048,925,-,-,-,-,740,1033,Female
1675,738,996,927,-,-,-,-,792,1009,Female
1634,642,988,837,-,-,-,-,778,1004,Female
1679,595,892,802,-,-,-,-,808,980,Female
1614,569,848,846,-,-,-,-,764,945,Female
1684,596,861,778,-,-,-,-,827,983,Female
1597,631,937,853,-,-,-,-,779,968,Female
1610,589,855,730,-,-,-,-,777,957,Female
1688,746,943,886,-,-,-,-,849,1100,Female
1725,864,997,929,-,-,-,-,865,1157,Female
1609,608,936,900,-,-,-,-,795,946,Female
1585,504,810,759,-,-,-,-,748,906,Female
1562,549,887,816,-,-,-,-,761,956,Female
1547,530,897,770,-,-,-,-,705,916,Female
1611,692,961,895,-,-,-,-,758,1036,Female
1740,713,1004,880,-,-,-,-,870,991,Female
1555,705,972,904,-,-,-,-,718,1079,Female
1650,699,971,938,-,-,-,-,813,1023,Female
1583,659,913,906,-,-,-,-,708,1030,Female
1647,632,858,750,-,-,-,-,772,1005,Female
1532,696,946,845,-,-,-,-,769,1061,Female
1619,593,920,811,-,-,-,-,797,972,Female
1704,695,902,888,-,-,-,-,809,1008,Female
1689,797,970,774,-,-,-,-,834,1056,Female
1657,619,911,846,-,-,-,-,802,1004,Female
1647,677,926,861,-,-,-,-,840,1005,Female
1670,544,892,724,-,-,-,-,842,879,Female
1496,646,971,928,-,-,-,-,750,1002,Female
1717,882,1117,1026,-,-,-,-,824,1101,Female
1531,634,943,915,-,-,-,-,719,1043,Female
1666,765,981,987,-,-,-,-,831,1092,Female
1574,654,892,915,-,-,-,-,743,1045,Female
1663,837,1000,888,-,-,-,-,803,1105,Female
1617,652,975,863,-,-,-,-,780,982,Female
1585,624,1005,857,-,-,-,-,776,966,Female
1647,994,1195,1037,-,-,-,-,812,1217,Female
1643,748,1016,950,-,-,-,-,804,1075,Female
1677,649,901,877,-,-,-,-,835,999,Female
1670,542,889,665,-,-,-,-,826,919,Female
1651,814,983,885,-,-,-,-,760,1165,Female
1525,563,883,812,-,-,-,-,700,969,Female
1715,967,1152,1096,-,-,-,-,787,1197,Female
1602,837,1148,1006,-,-,-,-,753,1035,Female
1570,502,855,685,-,-,-,-,762,873,Female
1662,657,901,944,-,-,-,-,808,1001,Female
1561,707,983,973,-,-,-,-,736,1063,Female
1543,669,968,975,-,-,-,-,742,1080,Female
1562,597,923,853,-,-,-,-,766,981,Female
1627,720,897,885,-,-,-,-,760,1072,Female
1678,750,940,816,-,-,-,-,783,1057,Female
1608,673,990,982,-,-,-,-,787,1076,Female
1672,784,906,856,-,-,-,-,826,1132,Female
1661,516,769,710,-,-,-,-,781,898,Female
1574,630,1010,890,-,-,-,-,737,1011,Female
1670,793,1046,990,-,-,-,-,808,1062,Female
1585,564,895,793,-,-,-,-,714,1001,Female
1574,687,997,962,-,-,-,-,698,1049,Female
1617,590,846,727,-,-,-,-,803,969,Female
1592,603,904,770,-,-,-,-,788,994,Female
1705,699,991,930,-,-,-,-,803,1020,Female
1620,573,878,849,-,-,-,-,796,947,Female
1579,654,957,882,-,-,-,-,790,1003,Female
1661,603,876,749,-,-,-,-,812,958,Female
1595,771,955,935,-,-,-,-,778,1074,Female
1646,767,1062,903,-,-,-,-,762,1038,Female
1522,667,932,890,-,-,-,-,725,1038,Female
1760,783,928,900,-,-,-,-,875,1079,Female
1505,518,850,752,-,-,-,-,721,897,Female
1708,663,838,803,-,-,-,-,861,994,Female
1659,655,938,861,-,-,-,-,839,963,Female
1613,690,1004,906,-,-,-,-,797,992,Female
1666,680,905,870,-,-,-,-,816,988,Female
1565,609,918,860,-,-,-,-,767,1014,Female
1578,646,859,785,-,-,-,-,795,1037,Female
1480,540,880,770,-,-,-,-,733,930,Female
1636,530,829,756,-,-,-,-,799,933,Female
1608,789,945,901,-,-,-,-,803,1063,Female
1552,431,825,658,-,-,-,-,787,801,Female
1559,746,985,873,-,-,-,-,751,1089,Female
1595,712,998,1033,-,-,-,-,767,1090,Female
1674,727,1016,863,-,-,-,-,799,1052,Female
1661,613,845,761,-,-,-,-,802,974,Female
1550,574,878,792,-,-,-,-,800,917,Female
1597,655,902,832,-,-,-,-,768,1013,Female
1543,577,884,753,-,-,-,-,729,946,Female
1636,585,837,760,-,-,-,-,823,930,Female
1563,627,923,913,-,-,-,-,722,1012,Female
1506,535,905,779,-,-,-,-,718,934,Female
1689,652,851,803,-,-,-,-,832,969,Female
1600,702,992,878,-,-,-,-,756,1047,Female
1827,931,1021,1080,-,-,-,-,918,1136,Female
1594,532,824,742,-,-,-,-,829,937,Female
1768,735,974,817,-,-,-,-,898,1014,Female
1658,557,783,759,-,-,-,-,818,897,Female
1629,655,945,865,-,-,-,-,769,981,Female
1672,691,975,855,-,-,-,-,806,1027,Female
1783,965,1013,967,-,-,-,-,910,1134,Female
1571,702,970,992,-,-,-,-,765,1011,Female
1525,523,838,736,-,-,-,-,753,875,Female
1595,660,923,876,-,-,-,-,812,999,Female
1708,814,1009,947,-,-,-,-,855,1082,Female
1818,952,1029,1000,-,-,-,-,891,1145,Female
1688,658,832,802,-,-,-,-,844,956,Female
1568,503,782,695,-,-,-,-,760,936,Female
1555,547,885,807,-,-,-,-,744,943,Female
1645,688,988,918,-,-,-,-,763,1034,Female
1631,604,833,750,-,-,-,-,838,958,Female
1563,669,919,881,-,-,-,-,743,1005,Female
1566,599,926,806,-,-,-,-,764,1000,Female
1585,616,870,875,-,-,-,-,813,1014,Female
1518,548,872,798,-,-,-,-,732,952,Female
1590,604,838,716,-,-,-,-,805,938,Female
1462,519,845,829,-,-,-,-,695,920,Female
1599,640,930,943,-,-,-,-,742,1007,Female
1665,669,845,834,-,-,-,-,820,1058,Female
1712,791,1007,958,-,-,-,-,828,1063,Female
1634,598,908,796,-,-,-,-,828,958,Female
1628,736,975,865,-,-,-,-,798,1030,Female
1625,825,1080,1052,-,-,-,-,811,1077,Female
1718,756,996,881,-,-,-,-,809,1083,Female
1604,595,773,767,-,-,-,-,783,946,Female
1748,863,996,978,-,-,-,-,841,1171,Female
1650,686,935,936,-,-,-,-,790,983,Female
1679,763,965,970,-,-,-,-,787,1063,Female
1635,725,995,904,-,-,-,-,802,1052,Female
1673,639,862,783,-,-,-,-,823,979,Female
1643,559,856,772,-,-,-,-,802,927,Female
1691,764,964,960,-,-,-,-,839,1044,Female
1672,699,969,871,-,-,-,-,828,1001,Female
1638,630,839,825,-,-,-,-,792,1010,Female
1676,606,803,734,-,-,-,-,818,954,Female
1655,680,918,852,-,-,-,-,811,1017,Female
1675,654,914,813,-,-,-,-,798,1029,Female
1508,538,820,765,-,-,-,-,729,960,Female
1679,731,1006,955,-,-,-,-,778,1058,Female
1692,766,970,882,-,-,-,-,806,1099,Female
1631,577,882,800,-,-,-,-,783,935,Female
1533,598,909,827,-,-,-,-,723,984,Female
1563,686,996,887,-,-,-,-,763,1064,Female
1655,708,908,830,-,-,-,-,775,1049,Female
1496,488,786,697,-,-,-,-,665,880,Female
1777,766,935,857,-,-,-,-,875,1052,Female
1546,583,897,788,-,-,-,-,750,948,Female
1685,685,906,936,-,-,-,-,825,1039,Female
1608,585,850,768,-,-,-,-,763,975,Female
1632,719,929,833,-,-,-,-,815,1044,Female
1690,649,892,802,-,-,-,-,854,993,Female
1655,583,798,742,-,-,-,-,817,926,Female
1574,648,933,850,-,-,-,-,770,1027,Female
1659,564,841,758,-,-,-,-,809,923,Female
1541,478,812,706,-,-,-,-,708,870,Female
1675,591,843,775,-,-,-,-,853,951,Female
1652,665,936,912,-,-,-,-,779,1038,Female
1593,649,945,886,-,-,-,-,763,1042,Female
1565,512,784,755,-,-,-,-,735,905,Female
1530,496,804,765,-,-,-,-,716,872,Female
1600,744,932,897,-,-,-,-,764,1026,Female
1615,680,927,868,-,-,-,-,798,984,Female
1557,506,783,790,-,-,-,-,775,900,Female
1679,591,846,785,-,-,-,-,802,938,Female
1662,712,909,864,-,-,-,-,802,1045,Female
1696,844,1121,967,-,-,-,-,811,1121,Female
1657,547,892,760,-,-,-,-,835,939,Female
1495,487,814,726,-,-,-,-,684,903,Female
1644,612,939,842,-,-,-,-,792,989,Female
1652,722,933,865,-,-,-,-,793,1035,Female
1566,567,894,888,-,-,-,-,778,959,Female
1653,688,957,819,-,-,-,-,816,1002,Female
1604,542,787,739,-,-,-,-,747,945,Female
1594,611,853,805,-,-,-,-,763,980,Female
1627,672,989,880,-,-,-,-,761,1038,Female
1729,749,927,810,-,-,-,-,855,1029,Female
1602,585,883,803,-,-,-,-,773,928,Female
1615,605,930,787,-,-,-,-,783,977,Female
1645,601,862,787,-,-,-,-,765,986,Female
1623,621,877,821,-,-,-,-,759,948,Female
1595,609,830,723,-,-,-,-,785,922,Female
1480,470,798,628,-,-,-,-,685,833,Female
1696,786,955,951,-,-,-,-,831,1085,Female
1680,725,958,857,-,-,-,-,853,1066,Female
1590,516,787,726,-,-,-,-,775,894,Female
1529,501,802,700,-,-,-,-,707,870,Female
1551,626,917,860,-,-,-,-,765,980,Female
1709,787,942,832,-,-,-,-,867,1072,Female
1589,572,947,818,-,-,-,-,737,927,Female
1616,670,902,813,-,-,-,-,821,1058,Female
1643,535,825,705,-,-,-,-,775,925,Female
1587,638,844,768,-,-,-,-,794,1037,Female
1691,752,888,779,-,-,-,-,823,1043,Female
1558,519,824,699,-,-,-,-,753,894,Female
1611,602,843,768,-,-,-,-,806,961,Female
1724,701,915,898,-,-,-,-,867,1011,Female
1623,782,958,900,-,-,-,-,767,1063,Female
1686,611,880,791,-,-,-,-,805,903,Female
1587,631,1011,895,-,-,-,-,740,973,Female
1546,540,803,710,-,-,-,-,712,903,Female
1682,619,914,827,-,-,-,-,856,941,Female
1519,577,848,812,-,-,-,-,717,985,Female
1631,673,867,808,-,-,-,-,828,1002,Female
1525,608,909,789,-,-,-,-,753,1027,Female
1657,905,1110,1092,-,-,-,-,789,1158,Female
1653,682,975,815,-,-,-,-,816,995,Female
1447,683,1018,937,-,-,-,-,678,1036,Female
1615,778,1068,1040,-,-,-,-,808,1056,Female
1732,648,958,854,-,-,-,-,855,1009,Female
1733,1082,1212,1076,-,-,-,-,846,1265,Female
1760,875,1004,1031,-,-,-,-,857,1165,Female
1669,788,1052,930,-,-,-,-,803,1078,Female
1602,844,1073,976,-,-,-,-,806,1124,Female
1611,667,910,916,-,-,-,-,757,998,Female
1607,749,1057,927,-,-,-,-,826,1030,Female
1582,827,1043,1032,-,-,-,-,743,1158,Female
1636,695,902,925,-,-,-,-,798,1057,Female
1702,697,909,889,-,-,-,-,829,1027,Female
1591,528,783,708,-,-,-,-,775,887,Female
1724,785,1036,925,-,-,-,-,819,1062,Female
1657,669,965,833,-,-,-,-,820,1030,Female
1591,556,830,827,-,-,-,-,745,929,Female
1630,840,1077,1042,-,-,-,-,764,1160,Female
1730,831,945,961,-,-,-,-,827,1061,Female
1695,735,943,866,-,-,-,-,837,1064,Female
1598,763,948,911,-,-,-,-,788,1110,Female
1606,637,953,875,-,-,-,-,752,1006,Female
1644,700,975,906,-,-,-,-,814,1016,Female
1575,626,923,835,-,-,-,-,737,1037,Female
1642,607,881,787,-,-,-,-,790,960,Female
1615,705,986,943,-,-,-,-,814,1031,Female
1570,689,988,913,-,-,-,-,756,1110,Female
1607,633,896,778,-,-,-,-,789,974,Female
1626,564,823,722,-,-,-,-,823,916,Female
1729,729,935,843,-,-,-,-,838,1009,Female
1501,618,932,782,-,-,-,-,745,970,Female
1657,618,883,791,-,-,-,-,819,947,Female
1614,546,813,761,-,-,-,-,829,911,Female
1660,686,954,853,-,-,-,-,829,1015,Female
1675,641,884,725,-,-,-,-,821,927,Female
1638,635,865,779,-,-,-,-,840,970,Female
1584,634,869,834,-,-,-,-,818,1010,Female
1680,684,927,800,-,-,-,-,811,1021,Female
1667,680,896,835,-,-,-,-,822,965,Female
1758,751,946,825,-,-,-,-,859,1053,Female
1688,851,950,962,-,-,-,-,848,1139,Female
1636,582,895,823,-,-,-,-,775,965,Female
1607,709,910,846,-,-,-,-,769,1036,Female
1594,664,876,959,-,-,-,-,778,1062,Female
1694,757,962,907,-,-,-,-,794,1025,Female
1606,632,910,807,-,-,-,-,794,993,Female
1687,674,863,853,-,-,-,-,838,987,Female
1574,602,896,753,-,-,-,-,799,978,Female
1603,616,898,839,-,-,-,-,783,965,Female
1559,584,921,762,-,-,-,-,781,922,Female
1659,717,914,861,-,-,-,-,787,1042,Female
1614,606,920,845,-,-,-,-,774,960,Female
1630,648,869,818,-,-,-,-,790,994,Female
1435,478,860,760,-,-,-,-,653,885,Female
1672,751,951,885,-,-,-,-,823,1037,Female
1708,739,936,872,-,-,-,-,880,1020,Female
1676,686,1017,887,-,-,-,-,778,991,Female
1609,620,844,788,-,-,-,-,768,1018,Female
1590,740,1000,937,-,-,-,-,753,1055,Female
1629,598,832,798,-,-,-,-,809,946,Female
1598,645,888,826,-,-,-,-,781,987,Female
1560,563,895,761,-,-,-,-,804,939,Female
1688,686,919,822,-,-,-,-,837,959,Female
1745,696,906,803,-,-,-,-,870,970,Female
1673,631,865,791,-,-,-,-,851,955,Female
1662,729,950,846,-,-,-,-,806,1035,Female
1576,548,906,762,-,-,-,-,730,889,Female
1720,650,908,860,-,-,-,-,853,954,Female
1701,700,906,867,-,-,-,-,832,1033,Female
1620,580,815,793,-,-,-,-,780,930,Female
1670,738,952,928,-,-,-,-,796,1044,Female
1630,478,775,672,-,-,-,-,787,853,Female
1636,583,815,785,-,-,-,-,797,958,Female
1714,849,956,916,-,-,-,-,835,1177,Female
1702,732,927,854,-,-,-,-,853,1027,Female
1590,609,855,778,-,-,-,-,780,981,Female
1643,654,900,771,-,-,-,-,795,1031,Female
1769,832,946,897,-,-,-,-,868,1101,Female
1549,591,882,822,-,-,-,-,745,970,Female
1533,695,973,935,-,-,-,-,698,985,Female
1592,609,848,828,-,-,-,-,768,964,Female
1609,650,903,841,-,-,-,-,778,975,Female
1569,550,815,754,-,-,-,-,739,933,Female
1586,659,883,865,-,-,-,-,755,1017,Female
1574,701,902,827,-,-,-,-,757,1059,Female
1617,689,930,887,-,-,-,-,747,1012,Female
1589,607,866,836,-,-,-,-,792,972,Female
1679,736,931,917,-,-,-,-,864,1040,Female
1700,564,826,739,-,-,-,-,832,915,Female
1623,566,847,779,-,-,-,-,754,931,Female
1677,681,857,775,-,-,-,-,821,981,Female
1598,660,920,860,-,-,-,-,769,1018,Female
1625,536,784,700,-,-,-,-,807,898,Female
1685,647,840,812,-,-,-,-,861,963,Female
1685,776,1025,908,-,-,-,-,787,1059,Female
1623,563,794,733,-,-,-,-,823,898,Female
1674,675,945,904,-,-,-,-,828,994,Female
1653,604,890,814,-,-,-,-,801,959,Female
1587,542,957,872,-,-,-,-,741,965,Female
1595,664,1008,980,-,-,-,-,765,1071,Female
1563,744,998,1046,-,-,-,-,723,1096,Female
1674,621,909,841,-,-,-,-,796,980,Female
1439,585,982,824,-,-,-,-,617,977,Female
1718,810,1018,955,-,-,-,-,822,1074,Female
1589,511,796,717,-,-,-,-,710,930,Female
1645,717,1112,964,-,-,-,-,783,1030,Female
1677,607,913,758,-,-,-,-,813,1005,Female
1552,591,884,829,-,-,-,-,723,1030,Female
1523,636,1073,999,-,-,-,-,730,1005,Female
1612,715,1012,941,-,-,-,-,778,1088,Female
1642,574,917,776,-,-,-,-,821,946,Female
1732,716,979,822,-,-,-,-,851,1003,Female
1600,540,877,752,-,-,-,-,769,931,Female
1409,426,824,716,-,-,-,-,640,815,Female
1620,585,889,759,-,-,-,-,789,926,Female
1746,828,960,898,-,-,-,-,899,1112,Female
1688,740,983,852,-,-,-,-,911,1055,Female
1606,765,976,920,-,-,-,-,742,1054,Female
1658,852,1029,1047,-,-,-,-,795,1130,Female
1590,671,915,904,-,-,-,-,751,1066,Female
1781,760,922,875,-,-,-,-,850,1060,Female
1690,695,992,850,-,-,-,-,807,1062,Female
1654,754,1015,987,-,-,-,-,830,1079,Female
1583,663,945,870,-,-,-,-,735,1079,Female
1523,480,843,743,-,-,-,-,750,912,Female
1685,830,1096,910,-,-,-,-,822,1100,Female
1672,756,974,964,-,-,-,-,877,1095,Female
1641,784,1032,934,-,-,-,-,810,1046,Female
1644,594,882,780,-,-,-,-,788,985,Female
1597,766,1013,951,-,-,-,-,797,1104,Female
1732,678,899,795,-,-,-,-,877,969,Female
1529,517,847,815,-,-,-,-,720,907,Female
1620,662,953,848,-,-,-,-,771,1015,Female
1643,665,993,797,-,-,-,-,786,966,Female
1556,613,897,927,-,-,-,-,742,961,Female
1630,729,1015,986,-,-,-,-,806,1086,Female
1614,701,924,884,-,-,-,-,743,1103,Female
1464,426,737,673,-,-,-,-,667,872,Female
1749,729,962,810,-,-,-,-,854,1039,Female
1618,761,998,933,-,-,-,-,768,1076,Female
1631,719,937,995,-,-,-,-,815,1077,Female
1704,794,1004,966,-,-,-,-,817,1100,Female
1669,705,924,874,-,-,-,-,789,1036,Female
1586,727,1023,1013,-,-,-,-,768,1044,Female
1602,609,887,735,-,-,-,-,791,998,Female
1620,800,950,1072,-,-,-,-,762,1130,Female
1575,625,917,834,-,-,-,-,790,1046,Female
1513,768,1052,1065,-,-,-,-,710,1167,Female
1573,578,868,818,-,-,-,-,780,973,Female
1649,639,861,828,-,-,-,-,824,990,Female
1657,749,980,945,-,-,-,-,787,1040,Female
1538,650,945,900,-,-,-,-,756,1002,Female
1684,633,857,831,-,-,-,-,863,1033,Female
1550,526,885,822,-,-,-,-,750,932,Female
1630,766,994,1021,-,-,-,-,782,1117,Female
1693,934,1202,1157,-,-,-,-,912,1148,Female
1557,667,982,861,-,-,-,-,763,1042,Female
1627,622,882,765,-,-,-,-,753,971,Female
1666,942,1208,1085,-,-,-,-,827,1078,Female
1599,641,930,880,-,-,-,-,774,995,Female
1547,692,985,1012,-,-,-,-,760,1074,Female
1636,646,922,831,-,-,-,-,783,1006,Female
1547,525,889,797,-,-,-,-,750,916,Female
1629,490,792,762,-,-,-,-,807,918,Female
1560,749,997,922,-,-,-,-,747,1108,Female
1751,852,1051,1035,-,-,-,-,872,1092,Female
1625,772,908,1012,-,-,-,-,775,1083,Female
1573,643,964,864,-,-,-,-,764,986,Female
1599,722,980,962,-,-,-,-,790,1079,Female
1547,693,972,914,-,-,-,-,712,983,Female
1735,737,921,862,-,-,-,-,821,1094,Female
1670,725,1003,957,-,-,-,-,801,1045,Female
1678,816,1035,897,-,-,-,-,785,1147,Female
1604,570,863,812,-,-,-,-,762,964,Female
1631,660,939,865,-,-,-,-,791,998,Female
1684,804,980,1054,-,-,-,-,860,1190,Female
1715,852,1030,973,-,-,-,-,817,1163,Female
1635,662,1035,947,-,-,-,-,800,966,Female
1666,706,933,902,-,-,-,-,822,1041,Female
1705,577,860,782,-,-,-,-,868,909,Female
1629,526,873,755,-,-,-,-,835,905,Female
1718,808,976,990,-,-,-,-,833,1098,Female
1626,834,1003,972,-,-,-,-,777,1126,Female
1616,750,951,922,-,-,-,-,793,1069,Female
1602,619,924,895,-,-,-,-,733,1031,Female
1667,675,966,885,-,-,-,-,807,1034,Female
1645,702,1022,910,-,-,-,-,800,1023,Female
1670,659,947,827,-,-,-,-,818,1000,Female
1621,712,941,840,-,-,-,-,783,1085,Female
1721,1028,1066,1032,-,-,-,-,842,1196,Female
1606,759,1091,903,-,-,-,-,762,1061,Female
1567,659,953,875,-,-,-,-,732,1005,Female
1720,644,904,790,-,-,-,-,826,979,Female
1639,689,900,875,-,-,-,-,753,1063,Female
1730,863,1013,983,-,-,-,-,853,1110,Female
1682,949,1147,1139,-,-,-,-,824,1168,Female
1720,630,874,792,-,-,-,-,825,995,Female
1783,1069,1214,1133,-,-,-,-,880,1181,Female
1641,639,893,881,-,-,-,-,787,991,Female
1568,683,902,907,-,-,-,-,718,1101,Female
1640,630,940,850,-,-,-,-,849,994,Female
1556,718,989,945,-,-,-,-,749,1054,Female
1647,874,1033,1069,-,-,-,-,830,1160,Female
1630,752,995,920,-,-,-,-,773,1111,Female
1587,852,1154,1095,-,-,-,-,774,1157,Female
1627,827,1172,1039,-,-,-,-,755,1098,Female
1638,559,870,765,-,-,-,-,809,936,Female
1644,821,1110,1042,-,-,-,-,829,1078,Female
1603,663,982,880,-,-,-,-,740,990,Female
1713,638,897,811,-,-,-,-,838,978,Female
1721,799,966,987,-,-,-,-,867,1114,Female
1573,589,838,793,-,-,-,-,721,999,Female
1619,761,996,918,-,-,-,-,773,1102,Female
1524,672,1006,1040,-,-,-,-,712,1060,Female
1605,541,882,803,-,-,-,-,748,901,Female
1617,697,1035,838,-,-,-,-,771,983,Female
1601,616,895,878,-,-,-,-,808,988,Female
1703,852,1053,1040,-,-,-,-,889,1148,Female
1574,582,882,785,-,-,-,-,756,957,Female
1596,742,1036,943,-,-,-,-,787,1027,Female
1602,609,876,800,-,-,-,-,783,966,Female
1599,690,964,916,-,-,-,-,775,1026,Female
1632,675,935,961,-,-,-,-,760,1013,Female
1660,886,1098,1065,-,-,-,-,763,1159,Female
1568,652,924,847,-,-,-,-,759,1046,Female
1639,826,1032,1020,-,-,-,-,796,1158,Female
1591,556,923,790,-,-,-,-,783,904,Female
1628,719,934,887,-,-,-,-,790,1080,Female
1615,822,1077,975,-,-,-,-,775,1088,Female
1680,965,1098,1100,-,-,-,-,845,1205,Female
1590,624,907,896,-,-,-,-,825,982,Female
1563,435,726,660,-,-,-,-,779,854,Female
1641,753,1090,1021,-,-,-,-,780,1022,Female
1710,553,836,790,-,-,-,-,834,900,Female
1566,578,901,816,-,-,-,-,750,989,Female
1573,713,1023,966,-,-,-,-,784,1048,Female
1669,776,980,966,-,-,-,-,833,1083,Female
1607,655,976,809,-,-,-,-,745,985,Female
1633,578,922,787,-,-,-,-,816,890,Female
1699,843,1126,907,-,-,-,-,843,1089,Female
1638,670,892,877,-,-,-,-,783,1002,Female
1634,764,1000,878,-,-,-,-,824,1102,Female
1660,663,864,734,-,-,-,-,830,982,Female
1604,671,880,861,-,-,-,-,803,1010,Female
1693,706,980,885,-,-,-,-,803,961,Female
1595,636,936,820,-,-,-,-,773,985,Female
1694,646,882,796,-,-,-,-,835,962,Female
1626,658,934,835,-,-,-,-,770,975,Female
1613,789,1021,922,-,-,-,-,759,1092,Female
1614,585,887,769,-,-,-,-,787,963,Female
1630,589,900,812,-,-,-,-,795,959,Female
1716,785,1035,973,-,-,-,-,839,1063,Female
1510,676,1013,952,-,-,-,-,725,1021,Female
1639,862,1100,1113,-,-,-,-,787,1110,Female
1576,605,981,907,-,-,-,-,747,952,Female
1677,950,1095,1068,-,-,-,-,844,1156,Female
1669,649,985,843,-,-,-,-,841,955,Female
1592,616,884,755,-,-,-,-,803,999,Female
1606,715,1030,910,-,-,-,-,763,1025,Female
1597,765,1012,943,-,-,-,-,771,1102,Female
1610,652,890,819,-,-,-,-,779,1045,Female
1811,773,878,905,-,-,-,-,913,1104,Female
1639,734,1028,1018,-,-,-,-,788,1087,Female
1635,549,825,757,-,-,-,-,783,928,Female
1751,802,1041,893,-,-,-,-,835,1092,Female
1626,695,1023,849,-,-,-,-,780,1041,Female
1688,647,949,768,-,-,-,-,796,990,Female
1588,657,914,850,-,-,-,-,745,1051,Female
1635,871,1111,1090,-,-,-,-,761,1139,Female
1624,580,855,835,-,-,-,-,826,976,Female
1634,796,1015,946,-,-,-,-,787,1107,Female
1749,761,929,852,-,-,-,-,884,1066,Female
1646,576,925,741,-,-,-,-,793,939,Female
1600,870,1129,1060,-,-,-,-,780,1138,Female
1600,766,1008,1017,-,-,-,-,823,1060,Female
1517,548,845,782,-,-,-,-,736,1002,Female
1659,826,1039,1030,-,-,-,-,810,1115,Female
1718,651,902,853,-,-,-,-,806,1007,Female
1533,570,948,881,-,-,-,-,738,965,Female
1592,719,1051,948,-,-,-,-,741,1043,Female
1636,726,1003,846,-,-,-,-,797,1044,Female
1648,716,882,875,-,-,-,-,813,1026,Female
1669,832,1056,982,-,-,-,-,801,1091,Female
1655,604,965,791,-,-,-,-,818,954,Female
1770,764,932,844,-,-,-,-,880,1023,Female
1752,934,1051,1028,-,-,-,-,880,1181,Female
1741,573,850,768,-,-,-,-,850,961,Female
1608,582,830,775,-,-,-,-,772,993,Female
1636,553,889,718,-,-,-,-,770,890,Female
1555,698,1005,871,-,-,-,-,731,1021,Female
1573,640,925,840,-,-,-,-,752,1063,Female
1623,590,844,719,-,-,-,-,745,951,Female
1534,604,900,811,-,-,-,-,770,976,Female
1543,666,954,920,-,-,-,-,718,1070,Female
1744,670,925,812,-,-,-,-,854,998,Female
1623,633,902,814,-,-,-,-,776,1033,Female
1587,618,947,818,-,-,-,-,723,1008,Female
1563,645,944,844,-,-,-,-,748,1036,Female
1655,582,899,787,-,-,-,-,820,930,Female
1612,796,1033,948,-,-,-,-,799,1182,Female
1636,609,900,834,-,-,-,-,766,995,Female
1709,823,996,972,-,-,-,-,841,1127,Female
1547,567,906,763,-,-,-,-,769,925,Female
1657,510,896,710,-,-,-,-,799,894,Female
1695,601,876,805,-,-,-,-,850,945,Female
1720,716,955,843,-,-,-,-,907,1046,Female
1587,681,912,866,-,-,-,-,745,1040,Female
1676,940,1160,981,-,-,-,-,820,1142,Female
1726,686,844,840,-,-,-,-,839,1033,Female
1616,671,948,866,-,-,-,-,750,1042,Female
1747,689,928,745,-,-,-,-,873,984,Female
1705,786,1042,930,-,-,-,-,844,1016,Female
1685,704,906,824,-,-,-,-,835,1015,Female
1594,504,776,669,-,-,-,-,777,887,Female
1687,598,872,769,-,-,-,-,812,944,Female
1700,760,1005,877,-,-,-,-,865,1022,Female
1658,780,1055,970,-,-,-,-,811,1072,Female
1562,712,1006,880,-,-,-,-,755,1101,Female
1658,665,953,870,-,-,-,-,799,997,Female
1688,735,935,900,-,-,-,-,803,1080,Female
1524,544,895,752,-,-,-,-,706,937,Female
1611,678,992,805,-,-,-,-,787,1008,Female
1627,648,900,842,-,-,-,-,825,994,Female
1614,663,953,917,-,-,-,-,771,1001,Female
1598,779,971,853,-,-,-,-,768,1142,Female
1643,702,990,953,-,-,-,-,803,1019,Female
1611,592,873,816,-,-,-,-,812,962,Female
1520,563,852,778,-,-,-,-,711,985,Female
1697,927,1039,963,-,-,-,-,811,1143,Female
1640,801,992,931,-,-,-,-,820,1068,Female
1672,772,970,889,-,-,-,-,795,1104,Female
1662,704,936,805,-,-,-,-,845,1008,Female
1601,590,882,776,-,-,-,-,797,967,Female
1580,640,978,795,-,-,-,-,749,1007,Female
1676,842,997,936,-,-,-,-,799,1112,Female
1536,546,822,702,-,-,-,-,723,957,Female
1561,715,932,918,-,-,-,-,770,1156,Female
1475,575,903,828,-,-,-,-,715,1012,Female
1532,522,798,698,-,-,-,-,762,907,Female
1646,725,957,839,-,-,-,-,830,1072,Female
1657,517,854,774,-,-,-,-,808,913,Female
1648,631,896,828,-,-,-,-,811,994,Female
1586,537,804,722,-,-,-,-,817,912,Female
1609,597,900,805,-,-,-,-,773,963,Female
1562,607,944,821,-,-,-,-,754,957,Female
1507,577,875,797,-,-,-,-,722,972,Female
1468,499,881,764,-,-,-,-,697,911,Female
1636,687,926,847,-,-,-,-,773,1011,Female
1585,680,1021,863,-,-,-,-,754,995,Female
1607,632,919,868,-,-,-,-,764,1007,Female
1657,776,989,907,-,-,-,-,782,1051,Female
1606,638,961,883,-,-,-,-,798,1046,Female
1705,783,994,946,-,-,-,-,833,1098,Female
1605,602,836,735,-,-,-,-,808,982,Female
1666,771,944,952,-,-,-,-,815,1102,Female
1635,617,896,833,-,-,-,-,798,954,Female
1498,462,841,737,-,-,-,-,710,864,Female
1619,591,863,715,-,-,-,-,785,1003,Female
1559,574,870,808,-,-,-,-,747,959,Female
1639,621,902,758,-,-,-,-,808,949,Female
1574,618,914,883,-,-,-,-,743,977,Female
1530,518,824,789,-,-,-,-,736,920,Female
1552,631,881,812,-,-,-,-,749,1022,Female
1572,653,929,838,-,-,-,-,755,1008,Female
1670,646,900,770,-,-,-,-,846,964,Female
1574,569,807,707,-,-,-,-,769,928,Female
1636,661,950,798,-,-,-,-,829,1008,Female
1575,598,892,856,-,-,-,-,732,994,Female
1676,533,852,716,-,-,-,-,820,944,Female
1705,755,1071,940,-,-,-,-,843,1011,Female
1603,702,987,907,-,-,-,-,800,1034,Female
1593,655,961,832,-,-,-,-,756,1032,Female
1611,644,912,836,-,-,-,-,818,965,Female
1673,680,947,840,-,-,-,-,803,1026,Female
1689,715,893,790,-,-,-,-,845,1040,Female
1529,499,837,733,-,-,-,-,712,918,Female
1602,523,882,700,-,-,-,-,777,899,Female
1764,740,1057,805,-,-,-,-,847,1006,Female
1648,750,956,937,-,-,-,-,823,1102,Female
1587,604,976,867,-,-,-,-,786,976,Female
1492,430,808,641,-,-,-,-,740,822,Female
1567,750,1082,951,-,-,-,-,724,1063,Female
1563,716,1002,845,-,-,-,-,796,1103,Female
1663,723,966,876,-,-,-,-,816,1019,Female
1617,765,1030,951,-,-,-,-,749,1081,Female
1683,660,904,790,-,-,-,-,853,969,Female
1636,600,914,752,-,-,-,-,805,979,Female
1628,695,933,807,-,-,-,-,806,1008,Female
1536,637,917,852,-,-,-,-,752,984,Female
1530,602,874,880,-,-,-,-,720,989,Female
1678,815,1022,913,-,-,-,-,840,1105,Female
1682,773,956,885,-,-,-,-,851,1054,Female
1585,537,850,742,-,-,-,-,804,900,Female
1588,672,912,826,-,-,-,-,797,1002,Female
1718,698,895,820,-,-,-,-,876,993,Female
1655,809,1021,1010,-,-,-,-,790,1176,Female
1705,722,893,820,-,-,-,-,854,1053,Female
1608,630,976,792,-,-,-,-,775,965,Female
1607,654,886,766,-,-,-,-,829,989,Female
1490,484,847,728,-,-,-,-,700,900,Female
1563,653,956,895,-,-,-,-,773,987,Female
1677,669,824,811,-,-,-,-,846,1064,Female
1615,668,945,856,-,-,-,-,777,1025,Female
1570,672,907,772,-,-,-,-,789,1076,Female
1563,597,887,826,-,-,-,-,733,1034,Female
1627,658,929,844,-,-,-,-,782,983,Female
1743,657,863,756,-,-,-,-,887,990,Female
1635,681,917,893,-,-,-,-,786,1050,Female
1699,894,1070,1059,-,-,-,-,842,1193,Female
1503,643,883,781,-,-,-,-,728,1035,Female
1637,857,1103,932,-,-,-,-,770,1116,Female
1544,560,854,746,-,-,-,-,754,935,Female
1493,613,908,801,-,-,-,-,720,962,Female
1645,662,913,928,-,-,-,-,799,1010,Female
1707,719,923,806,-,-,-,-,842,1025,Female
1611,586,889,749,-,-,-,-,784,967,Female
1543,576,845,767,-,-,-,-,750,926,Female
1604,560,874,748,-,-,-,-,776,932,Female
1588,616,851,798,-,-,-,-,778,990,Female
1543,533,811,722,-,-,-,-,742,912,Female
1630,678,998,888,-,-,-,-,803,1034,Female
1674,776,974,784,-,-,-,-,810,1000,Female
1560,658,935,778,-,-,-,-,726,1012,Female
1620,666,1001,930,-,-,-,-,778,997,Female
1613,549,790,740,-,-,-,-,778,957,Female
1541,539,854,818,-,-,-,-,742,927,Female
1595,814,1056,1026,-,-,-,-,770,1153,Female
1600,611,923,796,-,-,-,-,794,950,Female
1690,777,942,865,-,-,-,-,826,1078,Female
1612,725,930,892,-,-,-,-,791,1046,Female
1559,664,945,891,-,-,-,-,739,995,Female
1678,806,1037,985,-,-,-,-,813,1110,Female
1608,522,836,767,-,-,-,-,785,949,Female
1559,478,790,698,-,-,-,-,719,881,Female
1683,845,1040,1031,-,-,-,-,858,1113,Female
1586,685,985,869,-,-,-,-,769,1060,Female
1646,646,932,853,-,-,-,-,811,983,Female
1656,679,908,788,-,-,-,-,811,1019,Female
1515,509,820,755,-,-,-,-,729,901,Female
1754,745,953,868,-,-,-,-,863,1018,Female
1699,670,934,773,-,-,-,-,828,1028,Female
1573,573,969,847,-,-,-,-,750,940,Female
1657,597,841,799,-,-,-,-,820,982,Female
1655,665,998,895,-,-,-,-,808,973,Female
1502,505,826,740,-,-,-,-,727,896,Female
1653,749,953,927,-,-,-,-,773,1074,Female
1633,756,1001,905,-,-,-,-,765,1046,Female
1585,634,956,837,-,-,-,-,787,953,Female
1632,768,975,896,-,-,-,-,751,1123,Female
1616,804,1019,968,-,-,-,-,773,1122,Female
1670,762,971,941,-,-,-,-,815,1091,Female
1632,526,890,698,-,-,-,-,766,919,Female
1648,653,834,785,-,-,-,-,855,983,Female
1576,726,1046,928,-,-,-,-,801,1030,Female
1606,557,920,783,-,-,-,-,762,915,Female
1652,599,869,772,-,-,-,-,793,981,Female
1625,759,1003,970,-,-,-,-,800,1071,Female
1598,607,955,880,-,-,-,-,778,960,Female
1618,669,1068,946,-,-,-,-,765,1064,Female
1674,697,988,915,-,-,-,-,804,1014,Female
1563,614,912,855,-,-,-,-,720,1025,Female
1728,742,1027,881,-,-,-,-,821,1098,Female
1590,671,995,855,-,-,-,-,753,1055,Female
1636,577,834,825,-,-,-,-,802,974,Female
1655,803,972,939,-,-,-,-,803,1061,Female
1707,634,928,837,-,-,-,-,810,1003,Female
1676,681,891,822,-,-,-,-,814,1062,Female
1633,734,998,895,-,-,-,-,749,1083,Female
1607,672,983,803,-,-,-,-,763,1032,Female
1618,662,919,911,-,-,-,-,739,1036,Female
1708,703,916,822,-,-,-,-,801,1086,Female
1735,709,920,790,-,-,-,-,827,1022,Female
1715,586,855,700,-,-,-,-,850,915,Female
1570,493,923,727,-,-,-,-,737,898,Female
1642,733,988,849,-,-,-,-,769,1045,Female
1788,996,1098,1174,-,-,-,-,826,1170,Female
1600,648,913,837,-,-,-,-,785,1035,Female
1675,729,936,835,-,-,-,-,775,1033,Female
1634,902,1093,1114,-,-,-,-,776,1165,Female
1576,754,1037,960,-,-,-,-,734,1078,Female
1599,654,903,814,-,-,-,-,778,988,Female
1598,708,883,824,-,-,-,-,761,1054,Female
1548,647,986,889,-,-,-,-,728,1016,Female
1607,631,920,790,-,-,-,-,787,993,Female
1686,666,904,775,-,-,-,-,804,1027,Female
1640,667,865,827,-,-,-,-,747,1003,Female
1563,497,864,707,-,-,-,-,741,903,Female
1591,558,848,788,-,-,-,-,751,953,Female
1678,921,1097,982,-,-,-,-,839,1160,Female
1670,695,937,804,-,-,-,-,806,1044,Female
1529,563,947,847,-,-,-,-,718,914,Female
1616,603,860,757,-,-,-,-,778,970,Female
1620,647,959,860,-,-,-,-,785,1022,Female
1510,642,945,827,-,-,-,-,709,1041,Female
1626,701,1022,852,-,-,-,-,761,1069,Female
1600,583,859,815,-,-,-,-,760,985,Female
1679,843,1076,966,-,-,-,-,782,1108,Female
1600,696,1055,928,-,-,-,-,736,1068,Female
1618,735,1072,906,-,-,-,-,787,1062,Female
1629,470,863,729,-,-,-,-,789,859,Female
1651,608,901,775,-,-,-,-,786,973,Female
1596,515,791,742,-,-,-,-,796,933,Female
1654,717,983,882,-,-,-,-,816,1070,Female
1776,889,1035,995,-,-,-,-,897,1167,Female
1546,532,845,705,-,-,-,-,742,956,Female
1676,747,990,876,-,-,-,-,813,999,Female
1585,622,924,775,-,-,-,-,740,1018,Female
1594,574,899,733,-,-,-,-,729,924,Female
1629,565,870,781,-,-,-,-,755,950,Female
1581,646,972,840,-,-,-,-,769,1017,Female
1614,529,855,751,-,-,-,-,773,902,Female
1559,648,947,834,-,-,-,-,726,1012,Female
1697,751,967,878,-,-,-,-,831,1054,Female
1674,740,1026,879,-,-,-,-,789,1031,Female
1692,758,1018,974,-,-,-,-,805,1039,Female
1615,554,849,760,-,-,-,-,753,903,Female
1762,852,1045,964,-,-,-,-,874,1075,Female
1573,814,986,1025,-,-,-,-,735,1155,Female
1674,824,1064,966,-,-,-,-,780,1102,Female
1531,503,874,761,-,-,-,-,735,930,Female
1505,607,964,905,-,-,-,-,704,998,Female
1700,692,858,851,-,-,-,-,842,1007,Female
1539,640,992,903,-,-,-,-,725,981,Female
1620,650,885,820,-,-,-,-,764,989,Female
1712,580,828,719,-,-,-,-,804,935,Female
1554,601,927,810,-,-,-,-,730,1010,Female
1598,601,821,728,-,-,-,-,764,985,Female
1612,664,968,845,-,-,-,-,787,1002,Female
1707,703,857,806,-,-,-,-,867,1053,Female
1611,616,922,764,-,-,-,-,775,980,Female
1599,654,967,854,-,-,-,-,721,975,Female
1569,589,848,747,-,-,-,-,770,964,Female
1663,524,864,656,-,-,-,-,783,902,Female
1666,706,962,886,-,-,-,-,786,1016,Female
1659,676,837,801,-,-,-,-,794,998,Female
1543,623,965,895,-,-,-,-,730,966,Female
1571,628,931,916,-,-,-,-,753,998,Female
1618,503,795,681,-,-,-,-,773,908,Female
1610,599,910,790,-,-,-,-,757,996,Female
1512,508,786,680,-,-,-,-,745,922,Female
1555,520,785,725,-,-,-,-,742,884,Female
1729,831,1050,942,-,-,-,-,809,1055,Female
1593,622,964,838,-,-,-,-,764,950,Female
1609,706,973,883,-,-,-,-,770,1027,Female
1648,667,917,907,-,-,-,-,812,1032,Female
1631,730,953,878,-,-,-,-,784,1045,Female
1712,842,1032,980,-,-,-,-,801,1129,Female
1541,549,799,794,-,-,-,-,743,955,Female
1663,609,864,754,-,-,-,-,834,981,Female
1614,670,990,844,-,-,-,-,773,986,Female
1598,711,1006,860,-,-,-,-,775,1013,Female
1617,655,951,865,-,-,-,-,749,1006,Female
1658,771,999,900,-,-,-,-,778,1053,Female
1642,668,935,769,-,-,-,-,783,1002,Female
1698,707,905,863,-,-,-,-,822,1066,Female
1648,757,1045,936,-,-,-,-,802,1027,Female
1756,857,990,866,-,-,-,-,864,1116,Female
1651,678,922,842,-,-,-,-,809,1018,Female
1634,630,893,819,-,-,-,-,774,998,Female
1709,745,882,794,-,-,-,-,847,1025,Female
1686,564,828,746,-,-,-,-,860,918,Female
1645,721,1009,878,-,-,-,-,757,1040,Female
1565,646,925,835,-,-,-,-,777,980,Female
1537,444,805,690,-,-,-,-,747,853,Female
1511,591,918,800,-,-,-,-,684,982,Female
1649,696,941,848,-,-,-,-,821,1034,Female
1458,445,808,694,-,-,-,-,686,876,Female
1759,726,893,765,-,-,-,-,871,997,Female
1558,707,904,885,-,-,-,-,723,1090,Female
1688,643,937,797,-,-,-,-,791,980,Female
1581,654,869,831,-,-,-,-,782,1019,Female
1583,626,902,840,-,-,-,-,759,975,Female
1643,736,926,871,-,-,-,-,775,1059,Female
1752,853,1031,955,-,-,-,-,846,1109,Female
1600,750,948,936,-,-,-,-,749,1188,Female
1618,797,1086,905,-,-,-,-,750,1094,Female
1710,837,1053,1005,-,-,-,-,841,1052,Female
1585,590,838,756,-,-,-,-,777,952,Female
1595,512,840,719,-,-,-,-,779,887,Female
1614,621,945,794,-,-,-,-,775,987,Female
1663,810,1058,967,-,-,-,-,781,1074,Female
1617,614,915,846,-,-,-,-,765,972,Female
1596,544,853,738,-,-,-,-,801,952,Female
1602,603,875,790,-,-,-,-,798,960,Female
1694,792,1021,926,-,-,-,-,808,1064,Female
1510,618,1015,853,-,-,-,-,734,1014,Female
1534,603,995,886,-,-,-,-,705,954,Female
1634,885,1127,970,-,-,-,-,766,1102,Female
1679,842,1038,1000,-,-,-,-,772,1146,Female
1618,798,1011,956,-,-,-,-,741,1189,Female
1658,634,908,840,-,-,-,-,772,975,Female
1643,561,870,749,-,-,-,-,822,914,Female
1652,774,992,905,-,-,-,-,797,1140,Female
1615,730,988,847,-,-,-,-,762,1078,Female
1674,850,1022,933,-,-,-,-,824,1133,Female
1527,643,995,883,-,-,-,-,722,980,Female
1518,505,877,710,-,-,-,-,716,908,Female
1653,729,840,825,-,-,-,-,784,1116,Female
1659,835,1035,866,-,-,-,-,787,1105,Female
1570,463,807,668,-,-,-,-,727,918,Female
1570,802,1063,1121,-,-,-,-,741,1015,Female
1653,951,1153,1121,-,-,-,-,730,1150,Female
1712,582,815,680,-,-,-,-,864,945,Female
1519,703,999,863,-,-,-,-,699,1035,Female
1702,1019,1145,1127,-,-,-,-,852,1232,Female
1627,645,915,801,-,-,-,-,747,985,Female
1516,721,1065,942,-,-,-,-,741,1086,Female
1583,661,1032,900,-,-,-,-,760,974,Female
1647,589,896,775,-,-,-,-,839,984,Female
1594,528,837,702,-,-,-,-,751,929,Female
1617,623,913,783,-,-,-,-,788,982,Female
1674,896,1188,1032,-,-,-,-,822,1056,Female
1605,833,1030,981,-,-,-,-,761,1130,Female
1649,916,1139,1090,-,-,-,-,787,1100,Female
1603,677,869,780,-,-,-,-,783,1094,Female
1620,535,773,726,-,-,-,-,780,957,Female
1584,712,1052,908,-,-,-,-,762,1004,Female
1579,527,860,725,-,-,-,-,787,918,Female
1608,721,1045,933,-,-,-,-,754,1070,Female
1656,589,932,781,-,-,-,-,780,935,Female
1639,731,953,867,-,-,-,-,780,1101,Female
1630,620,854,771,-,-,-,-,766,986,Female
1615,695,1033,991,-,-,-,-,747,1031,Female
1584,620,939,850,-,-,-,-,690,923,Female
1664,669,954,814,-,-,-,-,821,989,Female
1545,543,893,830,-,-,-,-,709,901,Female
1688,648,867,862,-,-,-,-,805,1025,Female
1673,625,842,701,-,-,-,-,816,973,Female
1647,643,866,807,-,-,-,-,780,1079,Female
1637,736,957,957,-,-,-,-,752,1111,Female
1787,824,1036,922,-,-,-,-,883,1118,Female
1503,701,992,895,-,-,-,-,717,1103,Female
1562,699,1040,940,-,-,-,-,733,1021,Female
1558,754,1021,912,-,-,-,-,719,1088,Female
1576,647,946,818,-,-,-,-,754,1026,Female
1628,666,961,830,-,-,-,-,783,1050,Female
1748,831,1100,944,-,-,-,-,806,1117,Female
1572,632,994,840,-,-,-,-,742,972,Female
1743,746,937,824,-,-,-,-,838,1070,Female
1561,589,920,904,-,-,-,-,753,1000,Female
1623,643,925,825,-,-,-,-,774,989,Female
1649,705,965,908,-,-,-,-,829,1047,Female
1661,760,1074,901,-,-,-,-,800,1073,Female
1668,680,976,847,-,-,-,-,843,1010,Female
1722,695,941,842,-,-,-,-,829,1074,Female
1674,868,1045,1077,-,-,-,-,817,1113,Female
1663,653,902,770,-,-,-,-,812,1003,Female
1543,804,1001,856,-,-,-,-,719,1164,Female
1561,673,935,763,-,-,-,-,763,1042,Female
1587,516,802,682,-,-,-,-,794,885,Female
1495,526,928,841,-,-,-,-,701,878,Female
1645,914,1129,1106,-,-,-,-,780,1178,Female
1653,919,1061,1045,-,-,-,-,771,1194,Female
1685,757,1005,993,-,-,-,-,805,1053,Female
1569,717,1048,1017,-,-,-,-,762,1080,Female
1656,738,915,851,-,-,-,-,821,1032,Female
1672,769,920,860,-,-,-,-,779,1102,Female
1622,692,932,785,-,-,-,-,787,1015,Female
1664,609,894,765,-,-,-,-,774,951,Female
1636,596,854,737,-,-,-,-,770,954,Female
1666,740,1045,953,-,-,-,-,841,1029,Female
1558,804,1056,973,-,-,-,-,744,1134,Female
1674,934,1093,958,-,-,-,-,845,1135,Female
1534,568,952,812,-,-,-,-,733,1028,Female
1630,626,847,923,-,-,-,-,811,1071,Female
1671,738,1005,878,-,-,-,-,806,1070,Female
1789,808,968,816,-,-,-,-,855,1102,Female
1553,624,852,831,-,-,-,-,747,1032,Female
1673,775,1010,903,-,-,-,-,765,1159,Female
1598,631,902,824,-,-,-,-,768,1043,Female
1798,875,990,972,-,-,-,-,907,1070,Female
1641,650,888,800,-,-,-,-,804,960,Female
1718,650,848,772,-,-,-,-,820,965,Female
1568,638,1001,925,-,-,-,-,767,990,Female
1652,642,923,840,-,-,-,-,819,991,Female
1676,698,954,829,-,-,-,-,818,1037,Female
1595,831,1083,968,-,-,-,-,744,1107,Female
1697,962,1053,1095,-,-,-,-,804,1266,Female
1703,930,1167,1050,-,-,-,-,825,1181,Female
1567,489,826,696,-,-,-,-,756,882,Female
1554,536,818,760,-,-,-,-,762,926,Female
1645,629,930,736,-,-,-,-,821,987,Female
1625,510,818,651,-,-,-,-,761,874,Female
1560,654,966,837,-,-,-,-,755,1035,Female
1501,588,946,798,-,-,-,-,744,1003,Female
1617,650,931,880,-,-,-,-,775,990,Female
1660,679,913,790,-,-,-,-,807,1010,Female
1635,719,1053,1045,-,-,-,-,780,1042,Female
1621,920,984,1033,-,-,-,-,773,1174,Female
1596,618,920,757,-,-,-,-,734,996,Female
1649,712,951,885,-,-,-,-,759,1077,Female
1590,643,921,893,-,-,-,-,765,1050,Female
1630,793,935,968,-,-,-,-,785,1112,Female
1505,575,903,930,-,-,-,-,708,1005,Female
1590,686,979,837,-,-,-,-,754,1051,Female
1613,688,882,840,-,-,-,-,804,1019,Female
1620,778,981,900,-,-,-,-,772,1064,Female
1687,765,1053,955,-,-,-,-,784,1097,Female
1613,590,887,796,-,-,-,-,762,964,Female
1648,626,964,833,-,-,-,-,792,975,Female
1820,908,1016,891,-,-,-,-,930,1147,Female
1613,500,863,656,-,-,-,-,817,866,Female
1719,688,978,808,-,-,-,-,836,1008,Female
1543,567,926,803,-,-,-,-,723,995,Female
1674,622,913,807,-,-,-,-,832,979,Female
1662,707,981,865,-,-,-,-,837,993,Female
1612,685,945,876,-,-,-,-,787,1024,Female
1605,571,836,723,-,-,-,-,781,936,Female
1560,846,1112,1056,-,-,-,-,700,1181,Female
1664,618,814,711,-,-,-,-,838,1001,Female
1662,672,943,780,-,-,-,-,794,977,Female
1620,692,924,778,-,-,-,-,763,1055,Female
1567,469,764,637,-,-,-,-,737,880,Female
1689,674,873,790,-,-,-,-,827,994,Female
1576,529,845,718,-,-,-,-,804,905,Female
1596,644,861,840,-,-,-,-,757,981,Female
1684,819,1023,1026,-,-,-,-,789,1083,Female
1702,683,908,817,-,-,-,-,811,1014,Female
1745,582,852,689,-,-,-,-,843,932,Female
1599,532,861,764,-,-,-,-,799,949,Female
1628,703,985,858,-,-,-,-,753,1038,Female
1651,807,1037,855,-,-,-,-,765,1150,Female
1592,569,886,825,-,-,-,-,739,970,Female
1587,504,897,787,-,-,-,-,745,912,Female
1628,743,955,941,-,-,-,-,780,1035,Female
1627,648,918,840,-,-,-,-,775,1026,Female
1617,652,949,846,-,-,-,-,769,960,Female
1582,548,830,790,-,-,-,-,790,957,Female
1537,561,897,776,-,-,-,-,762,936,Female
1629,663,916,823,-,-,-,-,793,996,Female
1640,577,900,725,-,-,-,-,814,971,Female
1675,790,934,908,-,-,-,-,827,1150,Female
1592,671,996,908,-,-,-,-,799,1019,Female
1633,691,1020,942,-,-,-,-,811,980,Female
1733,773,919,863,-,-,-,-,877,1126,Female
1610,622,893,733,-,-,-,-,783,945,Female
1566,620,943,852,-,-,-,-,773,964,Female
1639,691,990,898,-,-,-,-,804,987,Female
1580,626,885,879,-,-,-,-,763,1056,Female
1557,587,873,751,-,-,-,-,759,940,Female
1683,694,913,864,-,-,-,-,805,1030,Female
1597,647,930,779,-,-,-,-,753,1034,Female
1598,621,883,884,-,-,-,-,771,999,Female
1613,698,956,940,-,-,-,-,787,1077,Female
1649,656,835,769,-,-,-,-,787,1013,Female
1672,602,847,757,-,-,-,-,833,986,Female
1713,743,891,784,-,-,-,-,828,1084,Female
1641,744,1032,991,-,-,-,-,781,1069,Female
1612,633,928,788,-,-,-,-,756,989,Female
1596,621,892,807,-,-,-,-,752,970,Female
1442,467,821,720,-,-,-,-,683,901,Female
1555,639,978,849,-,-,-,-,732,1001,Female
1497,579,915,858,-,-,-,-,723,1011,Female
1612,708,973,889,-,-,-,-,742,1058,Female
1690,698,911,757,-,-,-,-,829,1033,Female
1634,654,981,828,-,-,-,-,764,1054,Female
1509,542,900,820,-,-,-,-,729,915,Female
1582,593,862,739,-,-,-,-,754,1047,Female
1465,497,909,789,-,-,-,-,671,902,Female
1545,526,913,733,-,-,-,-,734,894,Female
1475,480,825,740,-,-,-,-,699,903,Female
1633,557,951,808,-,-,-,-,813,926,Female
1631,724,976,967,-,-,-,-,799,1090,Female
1626,661,945,909,-,-,-,-,774,1033,Female
1533,794,1057,962,-,-,-,-,736,1115,Female
1553,572,904,834,-,-,-,-,741,963,Female
1752,785,946,948,-,-,-,-,870,1058,Female
1618,676,976,848,-,-,-,-,768,1027,Female
1634,530,887,721,-,-,-,-,773,902,Female
1689,777,991,865,-,-,-,-,789,1116,Female
1534,524,877,793,-,-,-,-,729,973,Female
1629,601,900,731,-,-,-,-,787,968,Female
1628,559,893,750,-,-,-,-,777,899,Female
1603,530,845,744,-,-,-,-,762,928,Female
1547,578,880,780,-,-,-,-,724,997,Female
1585,644,1010,860,-,-,-,-,764,1045,Female
1638,693,1016,900,-,-,-,-,821,1071,Female
1754,849,1033,955,-,-,-,-,858,1143,Female
1623,607,895,753,-,-,-,-,743,954,Female
1614,623,919,825,-,-,-,-,783,971,Female
1676,601,870,774,-,-,-,-,805,945,Female
1560,516,825,679,-,-,-,-,759,877,Female
1637,505,792,716,-,-,-,-,799,930,Female
1542,532,892,699,-,-,-,-,733,957,Female
1536,566,904,814,-,-,-,-,698,978,Female
1613,732,945,853,-,-,-,-,773,1030,Female
1595,576,908,783,-,-,-,-,778,939,Female
1659,807,1005,860,-,-,-,-,805,1178,Female
1564,622,895,750,-,-,-,-,748,1037,Female
1686,726,1014,960,-,-,-,-,808,1039,Female
1678,711,978,873,-,-,-,-,793,1037,Female
1573,572,975,923,-,-,-,-,762,937,Female
1589,623,889,791,-,-,-,-,753,980,Female
1621,602,884,771,-,-,-,-,778,970,Female
1679,805,1135,983,-,-,-,-,832,1098,Female
1598,561,914,787,-,-,-,-,755,942,Female
1713,520,766,657,-,-,-,-,869,923,Female
1550,578,880,781,-,-,-,-,742,955,Female
1583,580,834,740,-,-,-,-,802,971,Female
1540,612,834,819,-,-,-,-,739,1057,Female
1541,585,936,805,-,-,-,-,698,963,Female
1622,875,1052,1010,-,-,-,-,748,1181,Female
1793,773,1015,905,-,-,-,-,878,1054,Female
1713,755,1026,920,-,-,-,-,846,1061,Female
1603,678,1043,924,-,-,-,-,745,1032,Female
1711,888,1062,1003,-,-,-,-,831,1117,Female
1641,665,921,780,-,-,-,-,797,980,Female
1494,580,963,1003,-,-,-,-,749,1015,Female
1672,665,1029,863,-,-,-,-,807,985,Female
1616,649,884,856,-,-,-,-,755,1030,Female
1585,673,983,902,-,-,-,-,754,1022,Female
1612,744,1065,1010,-,-,-,-,777,1075,Female
1663,576,869,759,-,-,-,-,817,982,Female
1656,735,1004,893,-,-,-,-,749,1093,Female
1598,636,940,844,-,-,-,-,774,1039,Female
1545,432,770,665,-,-,-,-,764,851,Female
1634,747,1072,930,-,-,-,-,764,1083,Female
1704,669,971,807,-,-,-,-,854,991,Female
1664,826,1100,957,-,-,-,-,800,1111,Female
1522,578,873,868,-,-,-,-,728,1015,Female
1646,637,907,782,-,-,-,-,805,1013,Female
1557,758,1019,966,-,-,-,-,724,1060,Female
1625,594,950,778,-,-,-,-,754,1024,Female
1671,872,1143,980,-,-,-,-,813,1120,Female
1535,693,970,850,-,-,-,-,736,1083,Female
1591,500,903,670,-,-,-,-,745,886,Female
1567,567,916,745,-,-,-,-,708,961,Female
1540,589,868,826,-,-,-,-,752,1026,Female
1573,640,987,860,-,-,-,-,751,972,Female
1637,683,942,797,-,-,-,-,811,1029,Female
1604,566,908,706,-,-,-,-,741,943,Female
1740,632,881,730,-,-,-,-,875,945,Female
1563,591,882,743,-,-,-,-,770,939,Female
1773,760,907,805,-,-,-,-,848,1081,Female
1672,664,966,912,-,-,-,-,829,1002,Female
1564,658,931,853,-,-,-,-,703,1044,Female
1600,710,968,847,-,-,-,-,785,1081,Female
1586,551,830,726,-,-,-,-,750,947,Female
1566,593,883,795,-,-,-,-,765,984,Female
1683,661,959,837,-,-,-,-,806,971,Female
1613,658,910,816,-,-,-,-,743,1057,Female
1572,634,940,814,-,-,-,-,726,1023,Female
1584,480,869,693,-,-,-,-,753,871,Female
1706,660,900,798,-,-,-,-,820,1005,Female
1620,601,887,807,-,-,-,-,742,978,Female
1640,546,807,778,-,-,-,-,847,943,Female
1711,1166,1266,1305,-,-,-,-,851,1261,Female
1641,793,1042,919,-,-,-,-,819,1080,Female
1567,454,791,611,-,-,-,-,723,853,Female
1629,499,814,698,-,-,-,-,831,867,Female
1479,358,695,615,-,-,-,-,698,798,Female
1663,700,912,859,-,-,-,-,813,1037,Female
1749,770,934,887,-,-,-,-,947,1089,Female
1592,649,984,911,-,-,-,-,735,998,Female
1591,550,887,733,-,-,-,-,754,932,Female
1710,875,1081,979,-,-,-,-,869,1095,Female
1684,768,1012,968,-,-,-,-,843,1057,Female
1625,763,1018,941,-,-,-,-,818,1090,Female
1666,650,935,732,-,-,-,-,795,985,Female
1576,555,896,760,-,-,-,-,740,933,Female
1685,755,1036,905,-,-,-,-,817,1082,Female
1629,548,850,715,-,-,-,-,766,964,Female
1637,705,926,878,-,-,-,-,807,1051,Female
1597,548,888,788,-,-,-,-,726,942,Female
1676,763,967,903,-,-,-,-,827,1063,Female
1672,784,1026,870,-,-,-,-,851,1036,Female
1707,698,920,848,-,-,-,-,830,1065,Female
1649,650,879,825,-,-,-,-,794,1027,Female
1615,794,972,955,-,-,-,-,744,1181,Female
1629,897,1157,1105,-,-,-,-,783,1130,Female
1615,525,850,785,-,-,-,-,755,928,Female
1537,772,976,972,-,-,-,-,747,1134,Female
1663,657,899,793,-,-,-,-,781,989,Female
1582,537,888,798,-,-,-,-,777,942,Female
1499,667,1010,955,-,-,-,-,680,1067,Female
1771,833,1010,920,-,-,-,-,851,1112,Female
1545,599,967,855,-,-,-,-,736,961,Female
1603,649,975,914,-,-,-,-,755,994,Female
1580,788,1066,938,-,-,-,-,748,1105,Female
1608,752,1062,960,-,-,-,-,764,1016,Female
1561,643,941,900,-,-,-,-,738,1000,Female
1642,613,880,780,-,-,-,-,773,965,Female
1600,847,1027,935,-,-,-,-,740,1165,Female
1591,687,953,890,-,-,-,-,765,1077,Female
1697,697,997,821,-,-,-,-,809,988,Female
1691,602,870,793,-,-,-,-,794,965,Female
1563,631,956,775,-,-,-,-,726,1068,Female
1598,952,1152,1034,-,-,-,-,737,1210,Female
1631,513,795,664,-,-,-,-,797,914,Female
1648,694,937,907,-,-,-,-,789,1050,Female
1496,509,826,768,-,-,-,-,720,900,Female
1522,520,878,672,-,-,-,-,723,915,Female
1769,889,1047,965,-,-,-,-,892,1115,Female
1761,785,900,784,-,-,-,-,870,1069,Female
1618,678,976,903,-,-,-,-,785,1072,Female
1612,644,912,841,-,-,-,-,777,1007,Female
1653,657,940,870,-,-,-,-,803,999,Female
1598,661,955,852,-,-,-,-,773,1063,Female
1770,925,1130,993,-,-,-,-,830,1145,Female
1566,611,1001,866,-,-,-,-,729,981,Female
1668,611,961,757,-,-,-,-,803,975,Female
1614,797,973,907,-,-,-,-,826,1143,Female
1673,682,1021,853,-,-,-,-,795,967,Female
1588,489,840,779,-,-,-,-,758,875,Female
1534,669,1053,926,-,-,-,-,756,992,Female
1490,617,888,825,-,-,-,-,713,1023,Female
1611,706,955,938,-,-,-,-,763,1056,Female
1599,611,909,755,-,-,-,-,773,949,Female
1645,662,1001,867,-,-,-,-,767,996,Female
1571,532,910,784,-,-,-,-,731,925,Female
1657,616,933,753,-,-,-,-,802,958,Female
1641,737,974,914,-,-,-,-,773,1094,Female
1710,657,947,826,-,-,-,-,804,1039,Female
1674,671,986,875,-,-,-,-,804,1040,Female
1561,831,1180,1095,-,-,-,-,720,1129,Female
1664,866,1100,1076,-,-,-,-,783,1179,Female
1743,1054,1101,1087,-,-,-,-,834,1275,Female
1681,920,1080,1011,-,-,-,-,811,1170,Female
1498,617,913,931,-,-,-,-,741,1032,Female
1595,772,1026,888,-,-,-,-,757,1105,Female
1771,777,1047,971,-,-,-,-,853,1083,Female
1585,802,1113,1015,-,-,-,-,778,1105,Female
1819,953,1080,995,-,-,-,-,896,1223,Female
1683,870,1094,1067,-,-,-,-,795,1185,Female
1686,730,974,853,-,-,-,-,807,1066,Female
1703,877,1096,937,-,-,-,-,793,1142,Female
1707,823,976,967,-,-,-,-,813,1122,Female
1678,831,1078,1112,-,-,-,-,847,1078,Female
1646,599,886,700,-,-,-,-,804,961,Female
1676,725,962,907,-,-,-,-,820,1074,Female
1703,630,872,810,-,-,-,-,884,1006,Female
1609,623,901,900,-,-,-,-,803,1025,Female
1636,821,1100,935,-,-,-,-,797,1132,Female
1625,624,910,858,-,-,-,-,773,982,Female
1615,567,883,790,-,-,-,-,784,998,Female
1603,675,1060,960,-,-,-,-,755,1049,Female
1641,623,846,778,-,-,-,-,824,993,Female
1697,644,920,791,-,-,-,-,846,956,Female
1571,626,926,838,-,-,-,-,741,1005,Female
1548,713,946,845,-,-,-,-,753,1097,Female
1633,630,899,799,-,-,-,-,793,992,Female
1667,820,1032,922,-,-,-,-,777,1102,Female
1584,762,1043,956,-,-,-,-,780,1069,Female
1642,697,929,843,-,-,-,-,796,1068,Female
1736,910,1098,1064,-,-,-,-,875,1206,Female
1671,801,965,957,-,-,-,-,804,1143,Female
1595,683,912,820,-,-,-,-,793,1060,Female
1716,769,964,875,-,-,-,-,833,1071,Female
1574,601,879,768,-,-,-,-,737,971,Female
1610,821,1054,1073,-,-,-,-,753,1134,Female
1643,842,947,913,-,-,-,-,799,1160,Female
1697,791,992,959,-,-,-,-,799,1083,Female
1501,575,941,840,-,-,-,-,686,980,Female
1632,568,884,787,-,-,-,-,792,935,Female
1654,720,1015,893,-,-,-,-,821,1036,Female
1571,521,787,706,-,-,-,-,747,951,Female
1596,689,1031,850,-,-,-,-,803,993,Female
1589,652,881,796,-,-,-,-,748,1016,Female
1650,827,1131,1010,-,-,-,-,788,1100,Female
1611,662,927,910,-,-,-,-,774,1008,Female
1632,715,971,1013,-,-,-,-,805,1090,Female
1729,973,1220,1046,-,-,-,-,824,1194,Female
1533,450,800,650,-,-,-,-,766,850,Female
1611,504,793,720,-,-,-,-,758,884,Female
1650,577,848,747,-,-,-,-,815,948,Female
1473,562,932,867,-,-,-,-,714,949,Female
1700,728,941,810,-,-,-,-,857,1016,Female
1692,722,940,807,-,-,-,-,836,1091,Female
1611,560,826,738,-,-,-,-,797,947,Female
1734,824,990,920,-,-,-,-,826,1106,Female
1692,825,1047,918,-,-,-,-,873,1096,Female
1647,995,1071,1093,-,-,-,-,807,1257,Female
1599,988,1222,1140,-,-,-,-,778,1210,Female
1614,815,1102,1017,-,-,-,-,743,1074,Female
1549,723,950,945,-,-,-,-,765,1140,Female
1634,736,957,868,-,-,-,-,769,1085,Female
1760,698,951,805,-,-,-,-,867,1022,Female
1683,766,1026,944,-,-,-,-,784,1048,Female
1618,651,900,814,-,-,-,-,781,1066,Female
1565,518,800,735,-,-,-,-,744,917,Female
1592,549,868,814,-,-,-,-,776,931,Female
1636,576,862,787,-,-,-,-,794,945,Female
1538,583,914,808,-,-,-,-,736,956,Female
1648,670,883,822,-,-,-,-,800,1036,Female
1645,631,936,801,-,-,-,-,795,1014,Female
1623,627,880,842,-,-,-,-,764,985,Female
1611,676,941,844,-,-,-,-,794,1015,Female
1602,534,872,747,-,-,-,-,752,958,Female
1670,748,1008,873,-,-,-,-,786,1119,Female
1643,644,915,757,-,-,-,-,802,964,Female
1628,677,979,854,-,-,-,-,776,1002,Female
1575,620,904,778,-,-,-,-,760,998,Female
1613,536,834,713,-,-,-,-,770,954,Female
1598,599,868,771,-,-,-,-,759,1008,Female
1610,644,898,857,-,-,-,-,773,988,Female
1597,536,822,739,-,-,-,-,793,955,Female
1590,882,1086,972,-,-,-,-,758,1153,Female
1688,646,930,840,-,-,-,-,864,989,Female
1502,662,936,878,-,-,-,-,734,999,Female
1593,698,915,788,-,-,-,-,773,1072,Female
1607,677,1036,895,-,-,-,-,768,1056,Female
1625,586,881,740,-,-,-,-,755,935,Female
1525,526,886,767,-,-,-,-,703,907,Female
1563,564,894,797,-,-,-,-,744,939,Female
1734,765,923,840,-,-,-,-,843,1126,Female
1734,871,996,947,-,-,-,-,880,1093,Female
1728,682,920,812,-,-,-,-,819,1008,Female
1661,629,893,856,-,-,-,-,804,1021,Female
1703,568,872,733,-,-,-,-,812,969,Female
1702,680,971,857,-,-,-,-,823,1020,Female
1772,669,911,782,-,-,-,-,847,990,Female
1626,712,928,918,-,-,-,-,768,1085,Female
1661,781,999,875,-,-,-,-,768,1110,Female
1549,675,966,835,-,-,-,-,768,1021,Female
1634,663,938,795,-,-,-,-,806,1019,Female
1661,793,1016,967,-,-,-,-,781,1077,Female
1564,604,946,902,-,-,-,-,779,962,Female
1664,732,1075,902,-,-,-,-,784,1059,Female
1553,712,1044,986,-,-,-,-,677,1043,Female
1700,722,909,840,-,-,-,-,850,1085,Female
1542,610,926,827,-,-,-,-,770,988,Female
1743,817,987,975,-,-,-,-,857,1128,Female
1623,799,980,905,-,-,-,-,824,1106,Female
1590,602,845,770,-,-,-,-,799,1007,Female
1604,584,882,737,-,-,-,-,751,973,Female
1627,601,872,752,-,-,-,-,820,981,Female
1718,834,1014,918,-,-,-,-,842,1092,Female
1705,973,1173,957,-,-,-,-,844,1179,Female
1561,557,857,686,-,-,-,-,714,929,Female
1661,553,803,782,-,-,-,-,872,897,Female
1620,526,841,700,-,-,-,-,819,870,Female
1660,614,857,690,-,-,-,-,871,983,Female
1697,894,1083,1034,-,-,-,-,847,1140,Female
1699,893,1066,990,-,-,-,-,829,1144,Female
1740,702,901,800,-,-,-,-,834,1061,Female
1701,738,1030,879,-,-,-,-,825,1058,Female
1707,601,900,727,-,-,-,-,838,926,Female
1560,782,998,991,-,-,-,-,724,1148,Female
1483,442,780,647,-,-,-,-,705,871,Female
1587,476,802,678,-,-,-,-,790,874,Female
1579,642,907,846,-,-,-,-,778,1033,Female
1659,737,940,850,-,-,-,-,769,1055,Female
1684,776,972,851,-,-,-,-,841,1132,Female
1593,620,900,770,-,-,-,-,738,1019,Female
1589,646,953,843,-,-,-,-,799,986,Female
1683,697,945,856,-,-,-,-,776,1035,Female
1704,724,953,795,-,-,-,-,810,1050,Female
1736,697,1022,883,-,-,-,-,845,975,Female
1633,620,927,768,-,-,-,-,801,986,Female
1724,884,1013,857,-,-,-,-,861,1169,Female
1487,712,1001,982,-,-,-,-,695,1104,Female
1560,684,1018,915,-,-,-,-,709,960,Female
1561,623,978,920,-,-,-,-,758,1000,Female
1618,614,930,816,-,-,-,-,767,1010,Female
1604,551,930,667,-,-,-,-,751,943,Female
1658,1121,1141,1198,-,-,-,-,816,1341,Female
1658,749,970,882,-,-,-,-,765,1105,Female
1591,709,956,870,-,-,-,-,757,1081,Female
1638,588,872,780,-,-,-,-,785,969,Female
1751,876,1003,1016,-,-,-,-,853,1152,Female
1587,597,857,753,-,-,-,-,753,998,Female
1540,680,1044,937,-,-,-,-,726,1019,Female
1576,707,1009,946,-,-,-,-,720,1073,Female
1737,686,920,745,-,-,-,-,837,1034,Female
1573,624,901,826,-,-,-,-,753,999,Female
1622,610,903,805,-,-,-,-,779,953,Female
1588,582,891,773,-,-,-,-,768,963,Female
1548,489,843,624,-,-,-,-,719,863,Female
1662,696,938,865,-,-,-,-,771,1029,Female
1718,795,976,895,-,-,-,-,857,1076,Female
1519,600,885,805,-,-,-,-,688,1042,Female
1573,640,950,826,-,-,-,-,759,986,Female
1566,712,932,883,-,-,-,-,735,1085,Female
1529,475,820,696,-,-,-,-,740,871,Female
1585,735,909,820,-,-,-,-,725,1101,Female
1611,546,893,730,-,-,-,-,765,869,Female
1610,562,925,770,-,-,-,-,765,940,Female
1541,582,947,830,-,-,-,-,708,966,Female
1766,812,999,870,-,-,-,-,865,1094,Female
1626,518,838,738,-,-,-,-,790,900,Female
1644,523,852,706,-,-,-,-,788,896,Female
1679,756,1023,865,-,-,-,-,802,1023,Female
1743,674,912,812,-,-,-,-,858,1045,Female
1658,552,825,670,-,-,-,-,795,942,Female
1610,690,1031,900,-,-,-,-,746,1015,Female
1675,636,893,840,-,-,-,-,804,1001,Female
1637,641,951,784,-,-,-,-,797,1037,Female
1628,701,934,933,-,-,-,-,767,1062,Female
1645,793,1004,978,-,-,-,-,753,1096,Female
1595,660,957,883,-,-,-,-,761,1041,Female
1731,931,1117,1032,-,-,-,-,807,1170,Female
1567,661,960,912,-,-,-,-,759,1032,Female
1628,510,780,672,-,-,-,-,789,925,Female
1688,686,916,877,-,-,-,-,817,1030,Female
1706,839,1063,932,-,-,-,-,828,1160,Female
1543,652,893,840,-,-,-,-,746,1028,Female
1665,920,1102,1032,-,-,-,-,805,1178,Female
1690,667,900,783,-,-,-,-,793,1035,Female
1471,464,823,668,-,-,-,-,691,875,Female
1616,627,943,882,-,-,-,-,774,1008,Female
1753,593,901,727,-,-,-,-,880,926,Female
1626,508,795,698,-,-,-,-,782,919,Female
1698,727,944,866,-,-,-,-,804,1042,Female
1545,583,970,777,-,-,-,-,698,932,Female
1759,669,942,785,-,-,-,-,823,1023,Female
1732,842,1041,1055,-,-,-,-,857,1132,Female
1587,601,884,830,-,-,-,-,767,978,Female
1605,609,920,773,-,-,-,-,766,993,Female
1530,687,943,872,-,-,-,-,709,1032,Female
1598,549,887,715,-,-,-,-,757,958,Female
1524,452,826,674,-,-,-,-,745,895,Female
1683,835,1055,1066,-,-,-,-,780,1095,Female
1577,641,901,822,-,-,-,-,778,956,Female
1583,588,906,749,-,-,-,-,731,991,Female
1582,563,878,750,-,-,-,-,737,938,Female
1569,702,1016,895,-,-,-,-,734,1011,Female
1651,779,1015,876,-,-,-,-,824,1071,Female
1463,626,998,902,-,-,-,-,689,938,Female
1659,992,1198,1113,-,-,-,-,785,1200,Female
1596,626,883,784,-,-,-,-,765,1019,Female
1600,713,1050,903,-,-,-,-,726,1059,Female
1557,528,872,715,-,-,-,-,740,970,Female
1565,552,896,783,-,-,-,-,770,925,Female
1525,622,962,827,-,-,-,-,728,947,Female
1613,612,863,860,-,-,-,-,810,965,Female
1674,529,814,727,-,-,-,-,786,915,Female
1614,748,996,923,-,-,-,-,749,1155,Female
1558,582,898,815,-,-,-,-,734,993,Female
1774,790,942,907,-,-,-,-,857,1076,Female
1633,618,922,785,-,-,-,-,790,1006,Female
1611,716,992,1004,-,-,-,-,738,1026,Female
1768,692,958,858,-,-,-,-,893,995,Female
1578,635,973,850,-,-,-,-,769,1022,Female
1619,704,917,901,-,-,-,-,797,1128,Female
1681,668,946,890,-,-,-,-,794,999,Female
1613,535,841,728,-,-,-,-,761,938,Female
1575,615,967,808,-,-,-,-,757,962,Female
1648,751,1018,918,-,-,-,-,794,1146,Female
1590,546,867,690,-,-,-,-,753,909,Female
1609,695,973,905,-,-,-,-,754,1053,Female
1625,773,990,919,-,-,-,-,802,1115,Female
1676,751,1012,960,-,-,-,-,820,1078,Female
1623,700,1040,945,-,-,-,-,748,1058,Female
1612,502,829,735,-,-,-,-,807,882,Female
1720,717,984,866,-,-,-,-,802,1060,Female
1567,644,910,935,-,-,-,-,738,1060,Female
1770,1072,1203,1076,-,-,-,-,858,1168,Female
1668,940,1196,1176,-,-,-,-,807,1161,Female
1588,764,968,886,-,-,-,-,768,1108,Female
1616,897,1140,1135,-,-,-,-,769,1157,Female
1593,777,1091,974,-,-,-,-,756,1049,Female
1572,497,870,721,-,-,-,-,747,896,Female
1674,662,913,837,-,-,-,-,845,971,Female
1652,696,1049,851,-,-,-,-,798,1018,Female
1664,844,1071,996,-,-,-,-,774,1126,Female
1691,647,910,852,-,-,-,-,814,982,Female
1657,780,1019,935,-,-,-,-,784,1044,Female
1704,773,965,927,-,-,-,-,814,1104,Female
1654,734,952,921,-,-,-,-,790,1092,Female
1578,695,982,937,-,-,-,-,727,1098,Female
1645,707,1035,872,-,-,-,-,761,1026,Female
1631,936,1142,1025,-,-,-,-,781,1208,Female
1561,857,1055,1106,-,-,-,-,763,1171,Female
1516,573,914,767,-,-,-,-,728,987,Female
1749,676,930,823,-,-,-,-,866,1031,Female
1715,855,1006,933,-,-,-,-,823,1140,Female
1600,549,929,735,-,-,-,-,753,948,Female
1683,588,872,772,-,-,-,-,826,946,Female
1557,715,983,987,-,-,-,-,747,1075,Female
1548,580,873,837,-,-,-,-,766,960,Female
1714,697,934,873,-,-,-,-,830,1032,Female
1649,685,1006,803,-,-,-,-,771,1010,Female
1528,586,907,804,-,-,-,-,753,1021,Female
1596,842,1101,1055,-,-,-,-,723,1181,Female
1658,909,1068,901,-,-,-,-,829,1241,Female
1701,1047,1168,1172,-,-,-,-,849,1314,Female
1683,663,896,791,-,-,-,-,833,1000,Female
1634,766,1154,962,-,-,-,-,762,999,Female
1695,715,941,745,-,-,-,-,828,1034,Female
1548,591,898,801,-,-,-,-,745,984,Female
1587,665,952,955,-,-,-,-,743,1016,Female
1549,676,991,1032,-,-,-,-,723,1045,Female
1606,792,1091,1042,-,-,-,-,741,1142,Female
1508,652,1005,966,-,-,-,-,712,1049,Female
1733,753,931,844,-,-,-,-,851,1110,Female
1560,517,886,752,-,-,-,-,762,918,Female
1739,865,1060,954,-,-,-,-,848,1164,Female
1629,732,952,857,-,-,-,-,808,1058,Female
1609,741,923,840,-,-,-,-,783,1106,Female
1740,906,1093,1090,-,-,-,-,834,1140,Female
1678,845,943,960,-,-,-,-,776,1157,Female
1545,631,974,830,-,-,-,-,764,977,Female
1809,898,1113,1003,-,-,-,-,843,1115,Female
1764,970,1090,977,-,-,-,-,867,1164,Female
1606,663,940,855,-,-,-,-,752,1038,Female
1567,594,952,863,-,-,-,-,738,963,Female
1594,657,1059,917,-,-,-,-,734,887,Female
1587,786,1125,919,-,-,-,-,716,1070,Female
1573,520,837,695,-,-,-,-,751,952,Female
1624,641,920,792,-,-,-,-,731,1027,Female
1635,798,1037,1014,-,-,-,-,775,1126,Female
1580,740,1021,906,-,-,-,-,791,1112,Female
1691,641,935,795,-,-,-,-,830,992,Female
1656,803,1072,1012,-,-,-,-,768,1132,Female
1615,714,1089,965,-,-,-,-,757,1081,Female
1749,924,973,869,-,-,-,-,853,1191,Female
1561,668,1042,903,-,-,-,-,737,991,Female
1674,678,925,817,-,-,-,-,815,1046,Female
1721,577,865,681,-,-,-,-,883,906,Female
1704,687,1030,915,-,-,-,-,821,1025,Female
1636,758,1038,870,-,-,-,-,781,1102,Female
1583,652,1047,941,-,-,-,-,767,966,Female
1604,699,994,847,-,-,-,-,722,1055,Female
1533,474,802,755,-,-,-,-,733,878,Female
1594,558,931,742,-,-,-,-,746,991,Female
1719,768,990,960,-,-,-,-,812,1110,Female
1687,832,1082,1043,-,-,-,-,779,1089,Female
1613,717,1016,971,-,-,-,-,732,1016,Female
1644,762,1093,982,-,-,-,-,793,1063,Female
1616,632,922,837,-,-,-,-,763,1051,Female
1641,610,902,891,-,-,-,-,783,974,Female
